-- phpMyAdmin SQL Dump
-- version 4.8.2
-- https://www.phpmyadmin.net/
--
-- Host: localhost
-- 생성 시간: 18-08-20 07:54
-- 서버 버전: 5.6.40
-- PHP 버전: 7.0.30

SET SQL_MODE = "NO_AUTO_VALUE_ON_ZERO";
SET AUTOCOMMIT = 0;
START TRANSACTION;
SET time_zone = "+00:00";


/*!40101 SET @OLD_CHARACTER_SET_CLIENT=@@CHARACTER_SET_CLIENT */;
/*!40101 SET @OLD_CHARACTER_SET_RESULTS=@@CHARACTER_SET_RESULTS */;
/*!40101 SET @OLD_COLLATION_CONNECTION=@@COLLATION_CONNECTION */;
/*!40101 SET NAMES utf8mb4 */;

--
-- 데이터베이스: `project`
--

-- --------------------------------------------------------

--
-- 테이블 구조 `INTR_ACRGTT`
--

CREATE TABLE `INTR_ACRGTT` (
  `MEMNO` int(11) NOT NULL COMMENT '회원번호',
  `WSANO` int(11) NOT NULL COMMENT '공방체험번호',
  `ACPT` int(11) NOT NULL COMMENT '인원',
  `ACRDT` date DEFAULT NULL COMMENT '등록일자'
) ENGINE=InnoDB DEFAULT CHARSET=utf8 COLLATE=utf8_unicode_ci COMMENT='공방체험등록';

--
-- 테이블의 덤프 데이터 `INTR_ACRGTT`
--

INSERT INTO `INTR_ACRGTT` (`MEMNO`, `WSANO`, `ACPT`, `ACRDT`) VALUES
(4, 1, 2, '2018-08-19'),
(31, 88, 4, '2018-08-20'),
(50, 60, 2, '2018-08-20'),
(50, 64, 2, '2018-08-20');

-- --------------------------------------------------------

--
-- 테이블 구조 `INTR_BCMMT`
--

CREATE TABLE `INTR_BCMMT` (
  `CNO` int(11) NOT NULL COMMENT '댓글번호',
  `BNO` int(11) NOT NULL COMMENT '게시물번호',
  `CMCTT` date DEFAULT NULL COMMENT '댓글게시일자',
  `CRTDT` varchar(255) COLLATE utf8_unicode_ci DEFAULT NULL COMMENT '댓글내용',
  `MEMNO` int(11) NOT NULL COMMENT '회원번호'
) ENGINE=InnoDB DEFAULT CHARSET=utf8 COLLATE=utf8_unicode_ci COMMENT='댓글';

--
-- 테이블의 덤프 데이터 `INTR_BCMMT`
--

INSERT INTO `INTR_BCMMT` (`CNO`, `BNO`, `CMCTT`, `CRTDT`, `MEMNO`) VALUES
(1, 309, '2018-08-19', '앤트크하죠', 32),
(2, 308, '2018-08-19', '화분하고 배경하고 너무 잘 어울려요', 32),
(3, 300, '2018-08-20', '은은한 분홍빛이 분위기를 더 살려주는것 같아요!', 50),
(4, 257, '2018-08-20', '분홍색 소파가 인상적이에요! 너무 귀여워요!', 50),
(5, 302, '2018-08-20', '은은한 향초 불빛이 매우 이쁘네요!', 50),
(6, 297, '2018-08-20', '선인장들이 귀여워요 ㅋㅋㅋㅋ', 50),
(7, 255, '2018-08-20', '벽걸이 화분!! 너무 좋은데요!!', 50);

-- --------------------------------------------------------

--
-- 테이블 구조 `INTR_BOARD`
--

CREATE TABLE `INTR_BOARD` (
  `BNO` int(11) NOT NULL COMMENT '게시물번호',
  `MEMNO` int(11) NOT NULL COMMENT '회원번호',
  `BRTDT` date NOT NULL COMMENT '작성일자',
  `BOCTT` text COLLATE utf8_unicode_ci NOT NULL COMMENT '게시물 내용',
  `PATH` varchar(255) COLLATE utf8_unicode_ci DEFAULT NULL COMMENT '사진'
) ENGINE=InnoDB DEFAULT CHARSET=utf8 COLLATE=utf8_unicode_ci COMMENT='게시물';

--
-- 테이블의 덤프 데이터 `INTR_BOARD`
--

INSERT INTO `INTR_BOARD` (`BNO`, `MEMNO`, `BRTDT`, `BOCTT`, `PATH`) VALUES
(222, 31, '2018-08-17', '방구석에 식물을 가지고 인테리어를 해봤어요! 집에 식물이 있어야 생기가 있고 좋은 것 같아요!', '63b166a7-f71e-4d89-ba12-af0a50d6c209'),
(223, 31, '2018-08-17', '때로는 가득채운 공간보다 여백이 있는 공간이 안락함을 느낄 수 있는 것 같아요.', '42d53a7d-5781-4f27-82a0-ea429d0a4e81'),
(224, 31, '2018-08-17', '가벼운 간식타임! 식물과 관련된 인테리어가 저는 참 좋더라구요.', '16073049-d150-4058-9658-66fe87e24b5c'),
(225, 31, '2018-08-17', '심플하면서도 앤티크한 느낌을 표현해봤어요.', '6d7efc0e-cca2-4770-9146-b26ed057d14d'),
(226, 31, '2018-08-17', '이렇게 하면 허전한 벽면도 이쁘게 꾸밀 수 있어요!', '8be81b94-e0be-4958-93f0-f9c56633ca93'),
(227, 32, '2018-08-17', '화이트와 핑크는 진리', 'f1c24eb0-a0d9-4942-8ff0-b891f02fa0b0'),
(228, 32, '2018-08-17', '회색. 흰색과 조합이 깔끔해요! 강아지도 깔맞춤><', 'bccb1d9b-254d-4bf2-9ea1-153de2c1954e'),
(229, 32, '2018-08-17', '아침에 해뜰때 정말 이쁜것 같아요. 커튼 사이로 들어오는 햇살은 정말 아름답죠?', '4991baca-1416-4190-aef3-5e62490beae6'),
(230, 32, '2018-08-17', '집에서 커피를 마시다보니 어느새 많이 생겼어요^^', '2cbe7fed-d796-4284-b95b-4946222f4bc3'),
(231, 32, '2018-08-17', '집에 대형식탁 하나쯤 있는것도 괜찮은것 같아요. 친구들이 놀러올때도 좋고, 여유를 즐길때도 좋아요!', 'fb4d61b7-642a-4463-a411-d676f34d04dd'),
(232, 33, '2018-08-17', '원룸에서 산다면 이렇게 낮은 가구들로 배치하는 것도 좋은것 같아요! 뭔가 더 넓어보이는 기분? ㅋㅋ', '0f57191b-2cc4-4d7a-a6c9-f6a47afe491b'),
(233, 33, '2018-08-17', '정리정돈이 필요한것 같으면서 정리정돈이 되어있는 듯한 느낌? ㅎㅎㅎㅎ', 'e0a1c407-b164-4a41-b14e-a2fcae48b932'),
(234, 33, '2018-08-17', '이런 분위기도 굉장히 심플하면서 이쁜것 같아요!! 흰색상 계열에 푸른녹색이 생기를 더해주는듯해요!', 'e110e2bb-65d3-44db-a5b3-11d78cdd2ae0'),
(235, 33, '2018-08-17', '비슷한 톤으로 맞추는 것도 느낌있는 것 같아요!', '675930f4-94c1-44a5-80e5-64f6f4534cf1'),
(236, 33, '2018-08-17', '벽면이 빗면이지만 오히려 그 부분이 더 안락한 느낌인 것 같아요.', 'f464f37a-b696-4ffa-9ca1-1697fa0b0028'),
(237, 34, '2018-08-17', '심플하게 깔끔하게 단순하게', 'c4c3ff10-08b8-455a-990f-885201bab649'),
(238, 34, '2018-08-17', '부끄럽지만 혼자 사는 집입니다.\r\n어떤가요?\r\n나름 이쁘게 꾸미고 살고싶은데.. ㅎㅎㅎ\r\n\r\n^^;;', 'd4bd0e00-9e86-40c1-9074-d06bc23a8f21'),
(239, 34, '2018-08-17', '벽면 인테리어가 인상적인것 같아서요 ㅎㅎ', '7e8801e7-b168-486d-8450-219ca27de72c'),
(240, 35, '2018-08-17', '아담하지만 있을건 다 있는 집! ^^ ', '5767decb-a029-4e32-9115-7567316be62f'),
(241, 35, '2018-08-17', '작은집이라면 2층침대를 활용해보는 것도 좋을 것 같아요!', '850a5b42-9e85-4197-94fd-06e20347145a'),
(242, 32, '2018-08-17', '깔끔한 베이지색상의 인테리어 사진', '457d3a5d-fd66-4a9d-aa7e-bddebf610463'),
(243, 32, '2018-08-17', '거실을 조명을 활용해서 밝게 만들었어요', 'a1e56550-31f3-41b7-b972-8320b35e0386'),
(245, 32, '2018-08-17', '아침마다 햇살이 따뜻하게 잘 들어와서 너무 좋아요', '3c096d4d-e218-4fec-a72f-250342efd87e'),
(246, 32, '2018-08-17', '분홍색으로 포인트를 준 원룸도 이쁜것 같아요', '3d16c2d8-e08e-41d6-9048-3fb57c115e7f'),
(247, 32, '2018-08-17', '자취생활하다보니 조명도 중요한 것 같아요. 자기전에 은은한 조명은 수면에 도움이 되는 것 같아요!', '7126826e-dcfe-4869-8f8c-25a00bc114cd'),
(248, 32, '2018-08-17', '주방도구도 이쁜걸 써야죠!', '9d8ae6e4-69b5-4157-af40-54339b47b1e4'),
(249, 32, '2018-08-17', '화분을이 칙칙한 장소를 밝게 꾸며주었어요!', '6645e94d-c15a-46d7-bd7e-9e53f72098b9'),
(250, 32, '2018-08-17', '작지만 필요한건 다 있는 이쁜 원룸이에요!', '3eba83e9-97e9-4330-924e-48680fbf4efb'),
(251, 32, '2018-08-17', '원룸은 좁지만 알차게 있을건 다 있어요!', '25ec118e-0048-4fec-9d6c-7fb2db8cd0c4'),
(252, 32, '2018-08-17', '화사하게 햇살과 같은 색상으로 인테리어를 꾸며도 좋아요!\r\n화분하고도 잘 어울리는 것 같아요!', '4c8b92ab-48a9-4792-b572-2cd7fe47b37f'),
(253, 32, '2018-08-17', '화분이 포인트죠!', '3f15140c-9b41-40e0-8cb8-6b1cdbbdbe5e'),
(254, 32, '2018-08-17', '흰색상이 역시 깔끔하고 이쁜것 같아요!', '211bf284-de29-4cbf-a187-ec6d484039ab'),
(255, 32, '2018-08-17', '벽걸이 화분! 너무 좋은것 같아요!\r\n인조가 아니라 진짜에요!', '35724a2c-0161-40cc-93cd-ae6f222fd565'),
(256, 32, '2018-08-17', '깔끔하지 않아요?', '366a1867-210c-4fbb-b06a-fa506a35dcb3'),
(257, 32, '2018-08-17', '아기자기 하고 이쁘지 않아요? 귀여운 인테리어같아요!', '612cacaa-4d38-45fc-8d27-936cc7d8ef88'),
(258, 32, '2018-08-17', '심플하면서 식물덕에 생기도 있어요!', '60e42f4c-0a02-4726-a36f-bc6790fb64a2'),
(259, 32, '2018-08-17', '색이 매우 적은 인테리어에 식물이 눈에 띄죠!', '699f7634-d1d0-4b6e-9d19-afa39bb41860'),
(260, 32, '2018-08-19', '하얀색 벽면을 스크린으로 활용했어요! 이쁘지 않나요?', 'acc29e5c-af5b-473e-9691-d90daf0a1427'),
(261, 32, '2018-08-19', '조명이 너무 화려한가? ㅎㅎ', 'b5cb4810-a0cd-4602-8d5f-c4df8152a63b'),
(262, 32, '2018-08-19', 'LOVE\r\n\r\n풍선♥', '321b7194-72b4-4a63-85cb-ce727857ac82'),
(263, 32, '2018-08-19', '자취방 꾸미기 >0<', 'a3b56b02-8122-4b1a-8622-544feecb58ae'),
(264, 32, '2018-08-19', '푸름푸름 푸르른 자취방', 'c1cbf92f-5154-4534-8713-cfb930987620'),
(265, 32, '2018-08-19', '고양이와 함께 영화를 봤어요!', '0312d17a-b4d5-4a2a-bedd-51e9ee033212'),
(266, 32, '2018-08-19', '햇살이 따뜻하게 들어오니까 집에있어도 너무 좋네요^^', '011ac569-1d17-45ce-ac4b-beee8589b638'),
(267, 32, '2018-08-19', '나무색상이 따뜻하죠?', '1780c8d8-ed09-4504-b1eb-e7ecdc6eb0c7'),
(268, 32, '2018-08-19', '좁은 공간 최대 활용!!!!', '623f5378-b9e7-4a22-ac73-435b7a96741e'),
(269, 32, '2018-08-19', '석고방향제와 식물들>0<', '7ac490eb-be42-428e-b03d-ad0351ec475c'),
(270, 32, '2018-08-19', '정들었던 집을 청소하니 이뻤네요?ㅎㅎ', 'ab23d424-5552-4ef5-af6a-301d46c197e3'),
(271, 32, '2018-08-19', '정리정돈의 신!', '68c8db4a-b2c5-4185-b85b-b565a2dd0f4b'),
(272, 32, '2018-08-19', '향초로 분위기 내기', '50217a4a-58f5-4112-9596-baae7c027ee3'),
(273, 32, '2018-08-19', '푸르고 깔끔한 집', '3d2a96f1-bd2b-49f0-bbaf-622d500a1afd'),
(274, 32, '2018-08-19', '경사면이 오히려 아늑하죠?\r\n', 'b2676440-7b0e-4036-b24a-4f8994e7d148'),
(275, 32, '2018-08-19', '벽면에 스크린으로 활용했어요!', 'b9629699-3eaa-4b96-8d44-17502bac3ac9'),
(276, 32, '2018-08-19', '아늑한 의자 편 ㅡ 안', 'b5011bc6-ccea-4093-a2bf-ea1057390122'),
(277, 32, '2018-08-19', '밝은 분위기의 집이에요! ', '33a62099-5f7b-42c4-9ef5-298a493c0e40'),
(278, 32, '2018-08-19', '벽장식!', '5d2c6751-c2db-4942-b0a6-7843be544ffa'),
(279, 32, '2018-08-19', '강아지 쿠션 너무 좋아요!', 'c3618768-4ca1-4e74-a519-7141ccb93fae'),
(280, 32, '2018-08-19', '목화/나무', '5b94a304-27a1-4458-85ac-c4f3516f9de9'),
(281, 32, '2018-08-19', '여름이라 너무 덥네요', '3d455874-a2af-4baf-9db5-ea39c095335e'),
(282, 32, '2018-08-19', '저녁 감성', '953695b0-8786-4257-b94e-98bd6a3bb7e6'),
(283, 32, '2018-08-19', '밝은톤이 좋아요', 'eb2a42e3-e361-46f3-93e3-e4cc55d85cfb'),
(284, 32, '2018-08-19', '모던한 분위기', 'f58bb944-5798-4444-9ab4-e7f3a08c1fc8'),
(285, 32, '2018-08-19', '딸기캔들', 'e574b980-6f25-4fb2-877d-2dbb53e18219'),
(286, 32, '2018-08-19', '', '89aba3ca-1d5b-4098-bc24-6cd345a00b14'),
(287, 32, '2018-08-19', '', '5807aa1a-7ebc-4e93-8743-45a4b25c3498'),
(288, 32, '2018-08-19', '', '4fe80d1f-b734-4fc3-ab4e-b13b95bfa9a0'),
(289, 32, '2018-08-19', '', '0fac7d45-db0a-4140-8ccf-8fcb7d4c93f3'),
(290, 32, '2018-08-19', '', '858db24f-b27e-4e13-916c-70d8bc7dad03'),
(291, 32, '2018-08-19', '', '0f1e58d0-f058-46b1-9822-134788c323c9'),
(292, 32, '2018-08-19', '', '03d29a2f-be12-4280-82b9-923cc42ff678'),
(293, 32, '2018-08-19', '', 'efb759dd-97d5-400c-90eb-c250c6e2ae1d'),
(294, 32, '2018-08-19', '', '950680ed-ccf2-4c8b-a113-731be72bc8ec'),
(295, 32, '2018-08-19', '', '00476b45-deac-41c8-8dae-ea1434c02873'),
(296, 32, '2018-08-19', '', '4a7bdae9-2f0c-4703-b7d0-d7ce8fdcefbc'),
(297, 32, '2018-08-19', '', 'c45a99c5-7589-4e92-9883-8b816e69bfbf'),
(298, 32, '2018-08-19', '', '5ea00179-2ed3-48f9-9d68-fc21301f29e7'),
(299, 32, '2018-08-19', '', '0a590a9c-6f69-4880-a45e-db38c159b0b6'),
(300, 32, '2018-08-19', '', '63f36c9e-8daf-4f0b-adde-64f77173b3ae'),
(301, 32, '2018-08-19', '', 'cd0792b4-1916-4a3f-a439-f0e0168ee716'),
(302, 32, '2018-08-19', '', '4349fed7-1cb4-4977-8aee-825941185c6b'),
(303, 32, '2018-08-19', '', '40378763-1d04-49b5-897c-260f9edd2ec6'),
(304, 32, '2018-08-19', '', '0a211a27-136c-408c-a87b-74a1e4870ec3'),
(305, 32, '2018-08-19', '', 'cffd5938-d1cb-4f8d-9fbb-12dc4584c3b1'),
(306, 32, '2018-08-19', '', '06d196fb-cb17-412f-bd32-f1b19dadc97b'),
(308, 32, '2018-08-19', '사이드테이블과 화분!\r\n\r\n이쁘죠?', '822ed776-4eec-4f35-a96e-3170018858af'),
(309, 32, '2018-08-19', '거울과 꽃', '53125d9b-3ab9-425d-b36a-667a1d9c4e5d'),
(312, 50, '2018-08-20', '화이트 색상의 가구들 사이에 블랙컬러의 젤리빈의자가 돋보이죠?', '5eae8144-66fd-4a9c-ae47-3e5417abd835');

-- --------------------------------------------------------

--
-- 테이블 구조 `INTR_BRLK`
--

CREATE TABLE `INTR_BRLK` (
  `LNO` int(11) NOT NULL,
  `BNO` int(11) NOT NULL,
  `POX` int(11) NOT NULL,
  `POY` int(11) NOT NULL,
  `PRNM` varchar(255) COLLATE utf8_unicode_ci NOT NULL,
  `ADDR` varchar(255) COLLATE utf8_unicode_ci NOT NULL
) ENGINE=InnoDB DEFAULT CHARSET=utf8 COLLATE=utf8_unicode_ci COMMENT='게시물 링크 테이블';

--
-- 테이블의 덤프 데이터 `INTR_BRLK`
--

INSERT INTO `INTR_BRLK` (`LNO`, `BNO`, `POX`, `POY`, `PRNM`, `ADDR`) VALUES
(1, 309, 227, 286, '벚꽃모형', '../works/works_list.html'),
(2, 309, 445, 349, '스탠드 거울', '../works/works_list.html'),
(3, 308, 359, 300, '금색 사이드테이블', '../works/works_list.html'),
(4, 306, 108, 236, '야자수무늬 배경', '../works/works_list.html'),
(5, 306, 382, 292, '진짜 야자수', '../works/works_list.html'),
(6, 305, 420, 389, '핑크 이불', '../works/works_list.html'),
(7, 304, 429, 311, '마릴린 먼로 아트액자', '../works/works_list.html'),
(8, 304, 221, 532, '간이 소파', '../works/works_list.html'),
(9, 300, 499, 309, '분홍 쿠션', '../works/works_list.html'),
(10, 300, 335, 537, '사이드테이블', '../works/works_list.html'),
(11, 300, 175, 318, '캔들', '../works/works_list.html'),
(12, 302, 317, 271, '분위기있는 향초', '../works/works_list.html'),
(13, 303, 120, 170, '레이스 커튼', '../works/works_list.html'),
(14, 303, 401, 285, '공중 식물', '../works/works_list.html'),
(15, 303, 472, 160, '심플한 스탠드', '../works/works_list.html'),
(16, 297, 419, 186, '애기 선인장', '../works/works_list.html'),
(17, 297, 210, 232, '더 애기 선인장', '../works/works_list.html'),
(20, 312, 199, 365, '블랙 젤리빈 의자', '../works/works_detail.html?23');

-- --------------------------------------------------------

--
-- 테이블 구조 `INTR_BTMACH`
--

CREATE TABLE `INTR_BTMACH` (
  `HTNO` int(11) NOT NULL COMMENT '해시태그번호',
  `BNO` int(11) NOT NULL COMMENT '게시물번호'
) ENGINE=InnoDB DEFAULT CHARSET=utf8 COLLATE=utf8_unicode_ci COMMENT='게시물태그매칭';

--
-- 테이블의 덤프 데이터 `INTR_BTMACH`
--

INSERT INTO `INTR_BTMACH` (`HTNO`, `BNO`) VALUES
(42, 222),
(43, 222),
(44, 222),
(43, 223),
(44, 223),
(44, 224),
(45, 224),
(44, 225),
(46, 225),
(43, 226),
(44, 226),
(47, 226),
(48, 227),
(49, 227),
(50, 227),
(51, 228),
(52, 228),
(53, 228),
(54, 229),
(55, 229),
(56, 229),
(57, 230),
(58, 230),
(61, 231),
(62, 231),
(63, 231),
(47, 232),
(73, 232),
(75, 233),
(43, 234),
(47, 234),
(47, 235),
(73, 235),
(76, 235),
(77, 236),
(78, 236),
(79, 236),
(41, 237),
(73, 238),
(80, 239),
(44, 240),
(90, 240),
(94, 241),
(83, 242),
(97, 242),
(83, 243),
(55, 245),
(56, 245),
(48, 246),
(108, 246),
(109, 247),
(110, 247),
(18, 248),
(114, 248),
(115, 249),
(116, 250),
(117, 250),
(118, 250),
(73, 251),
(73, 252),
(76, 252),
(115, 252),
(23, 253),
(115, 253),
(50, 254),
(119, 254),
(115, 255),
(120, 255),
(121, 255),
(119, 256),
(122, 257),
(43, 258),
(123, 258),
(124, 258),
(43, 259),
(144, 260),
(145, 260),
(127, 261),
(127, 262),
(127, 263),
(146, 264),
(147, 265),
(56, 266),
(148, 267),
(149, 268),
(150, 269),
(44, 270),
(151, 271),
(152, 272),
(146, 273),
(153, 274),
(154, 275),
(25, 276),
(53, 277),
(58, 277),
(155, 278),
(156, 279),
(157, 280),
(158, 280),
(161, 281),
(162, 281),
(163, 282),
(164, 283),
(52, 284),
(152, 285),
(127, 286),
(127, 287),
(127, 288),
(127, 289),
(127, 290),
(127, 291),
(127, 292),
(127, 293),
(127, 294),
(127, 295),
(127, 296),
(127, 297),
(127, 298),
(127, 299),
(127, 300),
(127, 301),
(127, 302),
(127, 303),
(127, 304),
(127, 305),
(127, 306),
(115, 308),
(169, 309),
(192, 312);

-- --------------------------------------------------------

--
-- 테이블 구조 `INTR_HASHTAG`
--

CREATE TABLE `INTR_HASHTAG` (
  `HTNO` int(11) NOT NULL COMMENT '해시태그번호',
  `TNAME` varchar(100) COLLATE utf8_unicode_ci DEFAULT NULL COMMENT '태그명'
) ENGINE=InnoDB DEFAULT CHARSET=utf8 COLLATE=utf8_unicode_ci COMMENT='해시태그';

--
-- 테이블의 덤프 데이터 `INTR_HASHTAG`
--

INSERT INTO `INTR_HASHTAG` (`HTNO`, `TNAME`) VALUES
(127, ''),
(64, '1인소파'),
(94, '2층침대'),
(126, '3인용소파'),
(85, '5단'),
(4, 'ALONSO'),
(2, 'GERRARD'),
(3, 'MANE'),
(131, 'tv'),
(1, 'YNWA'),
(13, '가구'),
(19, '가드닝'),
(117, '가성비'),
(20, '가전'),
(72, '가족'),
(163, '감성'),
(53, '강아지'),
(83, '거실'),
(130, '거실장'),
(112, '고무나무'),
(147, '고양이'),
(142, '공간'),
(82, '공간활용'),
(160, '공기정화'),
(12, '공방'),
(99, '공방체험'),
(45, '군것질'),
(104, '굽베게'),
(181, '귀여운'),
(167, '그릇'),
(134, '그리에'),
(26, '기타'),
(119, '깔끔'),
(78, '꼭대기층'),
(169, '꽃'),
(148, '나무'),
(61, '대형식탁'),
(194, '대형테이블'),
(88, '독서한번'),
(101, '둑흔둑흔'),
(178, '디퓨져'),
(157, '따뜻함'),
(139, '렌지대'),
(170, '린넨'),
(183, '마크라메'),
(67, '말랑말랑'),
(17, '매트리스'),
(175, '머그'),
(54, '모닝'),
(52, '모던'),
(5, '모던한'),
(174, '무소음'),
(133, '물건'),
(187, '미니'),
(184, '바다마리모'),
(38, '반려동물'),
(124, '발랄'),
(164, '밝아'),
(28, '방석'),
(135, '뱀부'),
(129, '버디'),
(105, '베게'),
(97, '베이지'),
(143, '벽걸이'),
(120, '벽걸이화분'),
(80, '벽면'),
(173, '벽시계'),
(145, '벽인테리어'),
(121, '벽장식'),
(137, '부엌'),
(6, '북유럽'),
(108, '분홍색'),
(192, '블랙'),
(138, '비스트로'),
(111, '빈티지'),
(154, '빔'),
(77, '빗면'),
(102, '생각보다'),
(123, '생기'),
(92, '서랍'),
(84, '서랍장'),
(150, '석고방향제'),
(81, '선반'),
(186, '선인장'),
(165, '소주잔'),
(59, '소파'),
(107, '솜'),
(21, '수납'),
(16, '수납/생활'),
(34, '수납장'),
(176, '수저받침'),
(103, '쉬움'),
(144, '스크린'),
(65, '스탠드'),
(159, '스투키'),
(166, '스피커'),
(31, '시계'),
(43, '식물'),
(69, '식탁'),
(93, '식탁보'),
(41, '심플'),
(7, '심플한'),
(98, '싱크대'),
(151, '아늑'),
(79, '아늑함'),
(90, '아담'),
(55, '아침'),
(188, '앞접시'),
(168, '액자'),
(46, '앤티크'),
(177, '어반'),
(161, '여름'),
(8, '여름침구'),
(63, '여유'),
(153, '옥탑방'),
(74, '와이드'),
(179, '욕실'),
(132, '용품'),
(73, '원룸'),
(96, '원목'),
(125, '유로'),
(29, '유아'),
(110, '은은한'),
(25, '의자'),
(106, '이불'),
(122, '이뿌당'),
(44, '이쁜집'),
(114, '이쁨'),
(47, '인테리어'),
(76, '자취'),
(42, '자취방'),
(87, '잠들기전'),
(49, '장미'),
(33, '장식'),
(140, '전자레인지'),
(180, '접시'),
(95, '접이식'),
(22, '정리'),
(75, '정리정돈'),
(68, '젤리'),
(193, '젤리빈'),
(190, '젤리빈의자'),
(136, '조리도구'),
(109, '조명'),
(60, '좌식소파'),
(18, '주방'),
(86, '주변가구'),
(35, '진열장'),
(58, '집'),
(162, '찜통'),
(24, '책상'),
(128, '책상의자'),
(40, '철제'),
(100, '첫경험'),
(118, '최고'),
(191, '추천'),
(62, '친구들과함께'),
(66, '친환경'),
(27, '침구'),
(23, '침대'),
(152, '캔들'),
(32, '캔들/디퓨저'),
(30, '커튼'),
(89, '커피'),
(57, '커피머신'),
(141, '컵받침'),
(182, '코로키아'),
(156, '쿠션'),
(172, '큐티'),
(91, '키친'),
(71, '테이블'),
(171, '테이블보'),
(185, '틸란드시아'),
(14, '패브릭'),
(158, '포근함'),
(155, '포인트'),
(146, '푸름'),
(48, '핑크'),
(37, '학생'),
(39, '학생용'),
(56, '햇살'),
(36, '행거/옷걸이'),
(15, '홈데코/조명'),
(113, '화병'),
(115, '화분'),
(50, '화이트'),
(70, '확장가능'),
(149, '활용!!!'),
(51, '회색'),
(116, '효율!'),
(189, '휴지케이스');

-- --------------------------------------------------------

--
-- 테이블 구조 `INTR_LKMB`
--

CREATE TABLE `INTR_LKMB` (
  `LNO` int(11) NOT NULL COMMENT '좋아요번호',
  `BNO` int(11) NOT NULL COMMENT '게시물번호',
  `MEMNO` int(11) NOT NULL COMMENT '회원번호(클릭한사람)'
) ENGINE=InnoDB DEFAULT CHARSET=utf8 COLLATE=utf8_unicode_ci COMMENT='좋아요';

--
-- 테이블의 덤프 데이터 `INTR_LKMB`
--

INSERT INTO `INTR_LKMB` (`LNO`, `BNO`, `MEMNO`) VALUES
(1, 222, 31),
(2, 227, 32),
(3, 227, 31),
(4, 228, 31),
(5, 232, 33),
(6, 234, 33),
(7, 227, 34),
(8, 228, 34),
(9, 229, 34),
(10, 234, 34),
(11, 222, 34),
(12, 227, 35),
(13, 222, 35),
(14, 240, 35),
(17, 309, 32),
(18, 306, 32),
(19, 300, 50),
(20, 303, 50),
(21, 257, 50),
(22, 302, 50),
(23, 297, 50),
(24, 255, 50);

-- --------------------------------------------------------

--
-- 테이블 구조 `INTR_MEMBER`
--

CREATE TABLE `INTR_MEMBER` (
  `MEMNO` int(11) NOT NULL COMMENT '회원번호',
  `ID` varchar(40) COLLATE utf8_unicode_ci NOT NULL COMMENT '아이디(이메일)',
  `PWD` varchar(150) COLLATE utf8_unicode_ci NOT NULL COMMENT '비밀번호',
  `NAME` varchar(50) COLLATE utf8_unicode_ci NOT NULL COMMENT '이름',
  `NKNM` varchar(50) COLLATE utf8_unicode_ci NOT NULL COMMENT '닉네임',
  `PHNO` varchar(30) COLLATE utf8_unicode_ci NOT NULL COMMENT '전화번호',
  `ZCODE` char(5) COLLATE utf8_unicode_ci DEFAULT NULL COMMENT '우편번호',
  `BADDR` varchar(100) COLLATE utf8_unicode_ci DEFAULT NULL COMMENT '기본주소',
  `DADDR` varchar(100) COLLATE utf8_unicode_ci DEFAULT NULL COMMENT '상세주소',
  `MPPHO` varchar(255) CHARACTER SET utf8 DEFAULT NULL COMMENT '회원사진',
  `MBPHO` varchar(255) COLLATE utf8_unicode_ci DEFAULT NULL COMMENT '배경사진'
) ENGINE=InnoDB DEFAULT CHARSET=utf8 COLLATE=utf8_unicode_ci COMMENT='회원';

--
-- 테이블의 덤프 데이터 `INTR_MEMBER`
--

INSERT INTO `INTR_MEMBER` (`MEMNO`, `ID`, `PWD`, `NAME`, `NKNM`, `PHNO`, `ZCODE`, `BADDR`, `DADDR`, `MPPHO`, `MBPHO`) VALUES
(1, 'ehdgus@naver.com', '*89C6B530AA78695E257E55D63C00A6EC9AD3E977', '강동현', 'Ryan', '01011111111', NULL, NULL, NULL, NULL, NULL),
(2, 'user02@test.com', '*89C6B530AA78695E257E55D63C00A6EC9AD3E977', 'user02', 'user02', '01011111111', NULL, NULL, NULL, NULL, NULL),
(3, 'jshan@naver.com', '*89C6B530AA78695E257E55D63C00A6EC9AD3E977', '한재성', '한재성', '01012345678', NULL, NULL, NULL, NULL, NULL),
(4, 'ehdals@naver.com', '*89C6B530AA78695E257E55D63C00A6EC9AD3E977', '강동민', '동민', '01013224521', NULL, NULL, NULL, NULL, NULL),
(5, 'sungmun@gmail.com', '*A4B6157319038724E3560894F7F932C8886EBFCF', '강성문', 'sungmun', '01086615119', NULL, NULL, NULL, NULL, NULL),
(31, 'liverpool012@naver.com', '*89C6B530AA78695E257E55D63C00A6EC9AD3E977', '신아영', '이쁜집에살자', '01044127858', NULL, NULL, NULL, '380e4f77-118b-4c95-b935-45f76d656dc4', '87516f56-943f-47e4-b006-5f94e3db7c49'),
(32, 'blackpink_jenny@gmail.com', '*89C6B530AA78695E257E55D63C00A6EC9AD3E977', '김제니', '소확행이좋아', '01085266639', NULL, NULL, NULL, '03c456b7-74c4-4379-a9d8-21b1c8d6a95f', NULL),
(33, 'gerrad08@gmail.com', '*89C6B530AA78695E257E55D63C00A6EC9AD3E977', '이상경', '리버풀이좋아', '01050225748', NULL, NULL, NULL, 'fc752b17-fff6-4f47-af86-35862100ef4c', NULL),
(34, 'thankyou@gmail.com', '*89C6B530AA78695E257E55D63C00A6EC9AD3E977', '김태환', '푸른색이제일좋아', '01041887548', NULL, NULL, NULL, 'ce2a9bd2-ae40-4595-8c9e-57dea5bd8de0', NULL),
(35, 'coco2018@naver.com', '*89C6B530AA78695E257E55D63C00A6EC9AD3E977', '오택영', '우왕멋져', '01022143542', NULL, NULL, NULL, '0880e470-8c1f-4f72-bd95-b05cfd3374ef', NULL),
(36, 'ksh@naver.com', '*89C6B530AA78695E257E55D63C00A6EC9AD3E977', '김승환', '승환킴', '01055642251', NULL, NULL, NULL, NULL, NULL),
(37, 'hrgu@naver.com', '*89C6B530AA78695E257E55D63C00A6EC9AD3E977', '구하라', '카라-구하라', '01094574744', NULL, NULL, NULL, NULL, NULL),
(38, 'jungho@naver.com', '*89C6B530AA78695E257E55D63C00A6EC9AD3E977', '차정호', 'jungho', '01025421283', NULL, NULL, NULL, NULL, NULL),
(39, 'wongeun@gmail.com', '*89C6B530AA78695E257E55D63C00A6EC9AD3E977', '정원근', 'wongeun', '01023358542', NULL, NULL, NULL, NULL, NULL),
(40, 'jingyu@daum.net', '*89C6B530AA78695E257E55D63C00A6EC9AD3E977', '박진규', 'jingyu', '01073984256', NULL, NULL, NULL, NULL, NULL),
(41, 'jjjiwony@gmail.com', '*89C6B530AA78695E257E55D63C00A6EC9AD3E977', '서지원', 'jjjiwony', '01082292857', NULL, NULL, NULL, '69e739f9-538b-41a6-b146-2173fb22e0d3', NULL),
(42, 'seyeong222@naver.com', '*89C6B530AA78695E257E55D63C00A6EC9AD3E977', '유세영', 'seyeongggg', '01076622385', NULL, NULL, NULL, NULL, NULL),
(43, 'jaajaa@naver.com', '*89C6B530AA78695E257E55D63C00A6EC9AD3E977', '허재희', 'jaajaa', '01072662346', NULL, NULL, NULL, NULL, NULL),
(44, 'ejay@gmail.com', '*89C6B530AA78695E257E55D63C00A6EC9AD3E977', '허이재', 'ejay', '01078423252', NULL, NULL, NULL, NULL, NULL),
(45, 'planstore@naver.com', '*89C6B530AA78695E257E55D63C00A6EC9AD3E977', '이제니', 'jjany', '01033521212', NULL, NULL, NULL, NULL, NULL),
(46, 'saligia@hanmail.net', '*89C6B530AA78695E257E55D63C00A6EC9AD3E977', '강죄악', '7개의 대죄', '01028363938', NULL, NULL, NULL, NULL, NULL),
(47, 'rlatmdghks012@gmail.com', '*89C6B530AA78695E257E55D63C00A6EC9AD3E977', '김승환', '뭐든지자신있지', '01054227548', NULL, NULL, NULL, NULL, NULL),
(48, 'rlatmdghks@gmail.com', '*E9D057131C22A0D76B4AAD2C61655BDFA706E637', '김승환', '집꾸미기가좋아', '01045227548', NULL, NULL, NULL, NULL, NULL),
(49, 'dltkdrud@gmail.com', '*E9D057131C22A0D76B4AAD2C61655BDFA706E637', '이상경', '인테리어왕', '01050225749', NULL, NULL, NULL, NULL, NULL),
(50, 'tkdruddl@gmail.com', '*E9D057131C22A0D76B4AAD2C61655BDFA706E637', '이상경', '인테리어가좋아', '01050225749', NULL, NULL, NULL, NULL, NULL),
(51, 'rudaudtn@gmail.com', '*E9D057131C22A0D76B4AAD2C61655BDFA706E637', '경명수', '깨끗한자취방을위해', '01042852253', NULL, NULL, NULL, NULL, NULL);

-- --------------------------------------------------------

--
-- 테이블 구조 `INTR_ODNWK`
--

CREATE TABLE `INTR_ODNWK` (
  `WONO` int(11) NOT NULL COMMENT '작품주문번호',
  `ODNO` int(11) NOT NULL COMMENT '주문번호',
  `WNO` int(11) NOT NULL COMMENT '작품번호',
  `OSTOR` int(11) DEFAULT NULL COMMENT '수량',
  `QCTT` text COLLATE utf8_unicode_ci COMMENT '구매후기',
  `ODOPT` text COLLATE utf8_unicode_ci,
  `CLDTE` date DEFAULT NULL COMMENT '클레임요청일',
  `CRQST` varchar(50) COLLATE utf8_unicode_ci DEFAULT NULL COMMENT '환불및교환요청(취소,교환,환불)',
  `CNDTL` varchar(255) COLLATE utf8_unicode_ci DEFAULT NULL COMMENT '환불및교환사유',
  `PRSTT` varchar(50) COLLATE utf8_unicode_ci DEFAULT NULL COMMENT '처리상태(취소(신청,철회,완료),교환(신청,철회,완료),환불(신청,철회,완료))',
  `PRDTL` varchar(255) COLLATE utf8_unicode_ci DEFAULT NULL COMMENT '처리사유'
) ENGINE=InnoDB DEFAULT CHARSET=utf8 COLLATE=utf8_unicode_ci COMMENT='주문/작품';

--
-- 테이블의 덤프 데이터 `INTR_ODNWK`
--

INSERT INTO `INTR_ODNWK` (`WONO`, `ODNO`, `WNO`, `OSTOR`, `QCTT`, `ODOPT`, `CLDTE`, `CRQST`, `CNDTL`, `PRSTT`, `PRDTL`) VALUES
(1, 657739901, 46, 1, '복잡한 집안이 수납장으로 인해 좀 더 집안이 깔끔해졌습니다.', '사이즈 : 62 * 60 * 196.4 cm ( 너비 * 깊이 * 높이 )', NULL, NULL, NULL, NULL, NULL),
(2, 447869040, 48, 20, '작업중에 커피나 물 등 액채류가 담긴 컵에서 물기 때문에 불편함이 있었지만,\r\n가짐으로써 편합니다.', NULL, NULL, NULL, NULL, NULL, NULL),
(3, 447869040, 42, 1, NULL, NULL, NULL, NULL, NULL, NULL, NULL),
(4, 771522385, 23, 1, '너무 예쁘네요 조립도 간단해서 금방만들었어요 추천해요', '색상 선택가능(빨/검/흰)', NULL, NULL, NULL, NULL, NULL),
(5, 589990484, 85, 1, NULL, '', NULL, NULL, NULL, NULL, NULL),
(6, 106882988, 86, 1, NULL, NULL, NULL, NULL, NULL, NULL, NULL),
(7, 422091349, 52, 1, '선물하려고 구매했는데 배송 정말 빨라서 놀랐고 작가님도 친절하셔서 기분좋게 구매했습니다~ 버섯이랑 무당벌레도 같이 데코하니까 너무 귀엽고 보기만해도 기분 좋아지네용~~', '색상 선택(화이트, 그레이)', NULL, NULL, NULL, NULL, NULL),
(8, 970633415, 78, 1, NULL, '', NULL, NULL, NULL, NULL, NULL),
(9, 89381909, 23, 1, '예뻐요. \r\n배송은 이틀인가 3일인가 걸렸고 조립하기도 쉽습니다. 높이도 적당함.', '색상 선택가능(빨/검/흰)', NULL, NULL, NULL, NULL, NULL),
(10, 296999545, 52, 1, '귀여워요ㅎㅎㅎㅎㅎ 잘키워볼게용', '색상 선택(화이트, 그레이)', NULL, NULL, NULL, NULL, NULL),
(11, 685523503, 52, 1, '사무실이 공기가 안좋아서 샀는데 너무 귀여워요!\r\n공간을 많이 차지하지 않아 더 좋아요!!!', '색상 선택(화이트, 그레이)', NULL, NULL, NULL, NULL, NULL),
(12, 418290151, 23, 1, '일단 쿠션도 없어도 되고 제책상 높이에도 딱맞아서 좋아요~ 의자 편하고 좋아요', '색상 선택가능(빨/검/흰)', NULL, NULL, NULL, NULL, NULL),
(14, 618425190, 23, 1, '뒤에 더럽게 묻어서 안지워지네요 가죽마감처리도 그렇고 전체적으로 깔끔하지 않아요 의자다리도 덜컹거리고 맞지않습니다\r\n누가쓰던 중고품 받은거 같습니다. 여기 물건 다 이런가요?', '색상 선택가능(빨/검/흰)', NULL, NULL, NULL, NULL, NULL),
(15, 216509683, 52, 1, '친구 집들이 선물 해줬는데\r\n너무 맘에 들어하네여 ㅎㅎ무당벌레도 귀여워요\r\n근데 정말 생각했던 것 보다 작네요!', '색상 선택(화이트, 그레이)', NULL, NULL, NULL, NULL, NULL),
(16, 598992938, 52, 1, '스투키 넘 이뻐용 ㅎㅎ 포장 엄청 꼼 꼼하게\r\n되어사 왓구요, 식물도 말장해요ㅎ 이뿌게 잘 키울게용~~!', '색상 선택(화이트, 그레이)', NULL, NULL, NULL, NULL, NULL),
(17, 691464549, 23, 1, '예쁘고 튼튼해요! 좋아요~~~~', '색상 선택가능(빨/검/흰)', NULL, NULL, NULL, NULL, NULL),
(18, 168542574, 52, 1, '잘 받았어요~ 다른 후기에서도 그렇듯이 포장을 정말 꼼꼼하게 해주셔서 아주 깔끔하게 잘 왔어요 ㅎㅎ 사무실 책상에 놓으려고 샀는데 이거하나 놨다고 싱그럽네요. 아담하니 귀엽고... 기분좋아짐!\r\n집에 놓을것도 또 살까 고민중이랍니다.', '색상 선택(화이트, 그레이)', NULL, NULL, NULL, NULL, NULL),
(20, 977533107, 23, 1, '조립도 쉽고 다리가 흔들릴거 같았는데 튼튼하네요\r\n근데 등받이가 아주 약간 불안합니다 ㅎㅎ\r\n그래도 가격대비 굿굿', '색상 선택가능(빨/검/흰)', NULL, NULL, NULL, NULL, NULL),
(21, 771450557, 23, 1, '생각보다 편하고 조립도 쉽습니다~', '색상 선택가능(빨/검/흰)', NULL, NULL, NULL, NULL, NULL),
(22, 148962549, 52, 1, '생각보다 작네요 그래도 짱짱하네요. 근데 물주기가 너무 어려워요 계속 흙이 흘러 내려요', '색상 선택(화이트, 그레이)', NULL, NULL, NULL, NULL, NULL),
(23, 542123748, 23, 1, '조립도 쉽고 예쁘고 편해요 잘쓰겠습니다.', '색상 선택가능(빨/검/흰)', NULL, NULL, NULL, NULL, NULL),
(24, 24443171, 52, 1, '너무 앙증맞고 귀여워요! \r\n지인 선물로 삿는데 요청한 날짜에 맞게 배송해주셔서 감사해요^^ \r\n크기가 앙증맞고 식물도 너무 귀여워요 \r\n탁상용으로 안성맞춤이네요 \r\n화이트 삿는데 은은하고 고급스러워요! 크기가 작아서 회색도 이쁠거같아요', '색상 선택(화이트, 그레이)', NULL, NULL, NULL, NULL, NULL),
(25, 818534671, 23, 1, '고급스럽고 이뻐요~\r\n남자방에 딱 어울립니다 ㅎ', '색상 선택가능(빨/검/흰)', NULL, NULL, NULL, NULL, NULL),
(26, 941452921, 52, 1, '집 안에 공기가 안좋아서 샀는데 너무 귀엽네요!!!\r\n공간을 많이 차지하지 않아 더 좋아요!!!', '색상 선택(화이트, 그레이)', NULL, NULL, NULL, NULL, NULL),
(27, 446858815, 23, 1, '불편합니다.', '색상 선택가능(빨/검/흰)', NULL, NULL, NULL, NULL, NULL),
(28, 246965785, 52, 1, '정말 정성스럽게 포장해주셔서 감사할따름입니다. 인테리어용으로도 제격이네요', '색상 선택(화이트, 그레이)', NULL, NULL, NULL, NULL, NULL),
(29, 195993025, 23, 1, NULL, NULL, NULL, NULL, NULL, NULL, NULL),
(30, 195993025, 52, 1, NULL, NULL, NULL, NULL, NULL, NULL, NULL),
(31, 333470948, 23, 1, NULL, NULL, NULL, NULL, NULL, NULL, NULL),
(32, 333470948, 52, 1, NULL, NULL, NULL, NULL, NULL, NULL, NULL),
(35, 233012849, 52, 1, '집안에 생기가 돌게 됐어요! 확실히 칙칙함이 덜해요!', NULL, NULL, NULL, NULL, NULL, NULL),
(36, 233012849, 23, 1, '보기보다 조립하기 굉장히 쉬웠어요! 디자인도 이쁘고 나중에 인테리어에도 잘 어울릴것 같아요!', NULL, NULL, NULL, NULL, NULL, NULL),
(37, 518473714, 88, 1, NULL, NULL, NULL, NULL, NULL, NULL, NULL),
(38, 518473714, 89, 1, NULL, NULL, NULL, NULL, NULL, NULL, NULL),
(39, 357282447, 89, 1, NULL, '직사각형 / 정사각형 / 곡선형 / 화이트 곡선형', NULL, NULL, NULL, NULL, NULL),
(40, 146881295, 88, 1, NULL, NULL, NULL, NULL, NULL, NULL, NULL),
(41, 146881295, 89, 1, NULL, NULL, NULL, NULL, NULL, NULL, NULL),
(42, 573219846, 89, 1, NULL, NULL, NULL, NULL, NULL, NULL, NULL),
(43, 573219846, 88, 1, NULL, NULL, NULL, NULL, NULL, NULL, NULL),
(44, 123400932, 82, 1, NULL, '', NULL, NULL, NULL, NULL, NULL),
(45, 88499925, 82, 1, NULL, '', NULL, NULL, NULL, NULL, NULL),
(46, 283012559, 44, 1, NULL, '사이즈 : 76.2 * 50.8 * 91.4 cm ( 가로 * 세로 * 높이 )', NULL, NULL, NULL, NULL, NULL),
(47, 556677977, 72, 1, NULL, '', NULL, NULL, NULL, NULL, NULL),
(48, 934311756, 89, 1, NULL, NULL, NULL, NULL, NULL, NULL, NULL),
(49, 934311756, 87, 1, NULL, NULL, NULL, NULL, NULL, NULL, NULL),
(50, 987469677, 76, 1, NULL, NULL, NULL, NULL, NULL, NULL, NULL),
(51, 987469677, 80, 1, NULL, NULL, NULL, NULL, NULL, NULL, NULL),
(52, 25227975, 83, 1, NULL, NULL, NULL, NULL, NULL, NULL, NULL),
(53, 275010788, 86, 1, NULL, '', NULL, NULL, NULL, NULL, NULL),
(54, 598997980, 86, 1, NULL, '', NULL, NULL, NULL, NULL, NULL),
(55, 961235320, 86, 1, NULL, '', NULL, NULL, NULL, NULL, NULL),
(56, 204089509, 86, 1, NULL, '', NULL, NULL, NULL, NULL, NULL),
(57, 772619061, 86, 1, NULL, '', NULL, NULL, NULL, NULL, NULL),
(58, 628834429, 86, 1, NULL, '', NULL, NULL, NULL, NULL, NULL),
(59, 412024722, 86, 1, NULL, '', NULL, NULL, NULL, NULL, NULL),
(60, 348495898, 10, 1, NULL, '색상 선택(빨강, 파랑, 그레이, 베이지 등)', NULL, NULL, NULL, NULL, NULL);

-- --------------------------------------------------------

--
-- 테이블 구조 `INTR_ORDER`
--

CREATE TABLE `INTR_ORDER` (
  `ODNO` int(11) NOT NULL COMMENT '주문번호',
  `MEMNO` int(11) NOT NULL COMMENT '회원번호',
  `MOPAY` varchar(50) COLLATE utf8_unicode_ci DEFAULT NULL COMMENT '결제수단',
  `DCOST` int(11) NOT NULL COMMENT '배송비',
  `TAMNT` int(11) NOT NULL COMMENT '총금액',
  `ODATE` date NOT NULL COMMENT '주문일',
  `ODSTT` varchar(50) COLLATE utf8_unicode_ci NOT NULL COMMENT '주문상태',
  `DLMEMO` varchar(255) COLLATE utf8_unicode_ci DEFAULT NULL COMMENT '배송메모',
  `CURIR` varchar(50) COLLATE utf8_unicode_ci DEFAULT NULL COMMENT '택배사',
  `ZCODE` char(5) COLLATE utf8_unicode_ci DEFAULT NULL COMMENT '우편번호',
  `BADDR` varchar(100) COLLATE utf8_unicode_ci DEFAULT NULL COMMENT '기본주소',
  `DADDR` varchar(100) COLLATE utf8_unicode_ci DEFAULT NULL COMMENT '상세주소',
  `IVNO` varchar(255) COLLATE utf8_unicode_ci DEFAULT NULL COMMENT '송장번호',
  `DELDT` date DEFAULT NULL COMMENT '상품발송일',
  `REICV` varchar(50) COLLATE utf8_unicode_ci DEFAULT NULL COMMENT '수취인'
) ENGINE=InnoDB DEFAULT CHARSET=utf8 COLLATE=utf8_unicode_ci COMMENT='주문';

--
-- 테이블의 덤프 데이터 `INTR_ORDER`
--

INSERT INTO `INTR_ORDER` (`ODNO`, `MEMNO`, `MOPAY`, `DCOST`, `TAMNT`, `ODATE`, `ODSTT`, `DLMEMO`, `CURIR`, `ZCODE`, `BADDR`, `DADDR`, `IVNO`, `DELDT`, `REICV`) VALUES
(24443171, 39, '카카오페이', 2500, 37500, '2018-08-19', '결제완료', '부재시 문 앞에 놓아주세요.', NULL, '05567', '서울 송파구 삼전로7길 3 (잠실동)', '303호', NULL, NULL, NULL),
(25227975, 37, '카카오페이', 2500, 29000, '2018-08-20', '결제완료', '부재시 경비실에 부탁합니다.', NULL, '06267', '서울 강남구 남부순환로 2609 (도곡동, 하늘빌딩)', '3층', NULL, NULL, NULL),
(88499925, 37, '카카오페이', 2500, 42200, '2018-08-20', '결제완료', '부재시 경비실에 부탁합니다.', NULL, '06322', '서울 강남구 선릉로 7 (개포동, 주공아파트)', '114-1303', NULL, NULL, NULL),
(89381909, 41, '카카오페이', 2500, 47500, '2018-08-19', '결제완료', '배송시 전화 부탁드립니다.', NULL, '05568', '서울 송파구 삼전로7길 29 (잠실동)', '501호', NULL, NULL, NULL),
(94657526, 43, '카카오페이', 2500, 47500, '2018-08-19', '결제완료', '배송시 전화 부탁드립니다.', NULL, '05568', '서울 송파구 삼전로7길 29 (잠실동)', '501호', NULL, NULL, NULL),
(106882988, 37, '카카오페이', 2500, 18300, '2018-08-19', '결제완료', '부재시 문앞에 놓아주세요', NULL, '02842', '서울 성북구 개운사길 2 (안암동5가)', '742-111', NULL, NULL, NULL),
(123400932, 37, '카카오페이', 2500, 42200, '2018-08-20', '결제완료', '부재시 문앞에 놓아주세요', NULL, '15235', '경기 안산시 단원구 선부광장북로 67 (선부동, 수정한양아파트)', '222-501', NULL, NULL, NULL),
(146881295, 33, '카카오페이', 5000, 63000, '2018-08-20', '결제완료', '부재시 집문앞에 놔주세요.', NULL, '48773', '부산 동구 좌천남로 1 (좌천동)', '비트캠프 401호', NULL, NULL, NULL),
(148962549, 40, '카카오페이', 2500, 37500, '2018-08-19', '결제완료', '부재시 문 앞에 놓아주세요.', NULL, '05568', '서울 송파구 삼전로7길 29 (잠실동)', '501호 ', NULL, NULL, NULL),
(168542574, 43, '카카오페이', 2500, 37500, '2018-08-19', '결제완료', '부재시 경비실에 맡겨주세요.', NULL, '05568', '서울 송파구 삼전로7길 29 (잠실동)', '501호', NULL, NULL, NULL),
(195993025, 48, '카카오페이', 5000, 85000, '2018-08-19', '결제완료', '부재시 경비실에 맡겨주세요.', NULL, '27807', '충북 진천군 광혜원면 광혜원산단길 24 (광혜원리, (주)한국다우코닝)', '비트캠프 401호', NULL, NULL, NULL),
(204089509, 31, '카카오페이', 2500, 18300, '2018-08-20', '결제완료', '부재시 연락바랍니다.', NULL, '21030', '인천 계양구 안산로 1 (계산동, 진흥빌라)', '105-511', NULL, NULL, NULL),
(216509683, 42, '카카오페이', 2500, 37500, '2018-08-19', '결제완료', '배송시 전화 부탁드립니다.', NULL, '05568', '서울 송파구 삼전로7길 29 (잠실동)', '501호', NULL, NULL, NULL),
(233012849, 50, '카카오페이', 5000, 85000, '2018-08-20', '결제완료', '부재시 경비실에 맡겨주세요.', NULL, '27844', '충북 진천군 진천읍 진광로 93 (장관리, 진천소방서)', '비트캠프 401호', NULL, NULL, NULL),
(246965785, 32, '카카오페이', 2500, 37500, '2018-08-19', '결제완료', '부재시 문 앞에 놓아주세요.', NULL, '05568', '서울 송파구 삼전로7길 29 (잠실동)', '501호', NULL, NULL, NULL),
(275010788, 37, '카카오페이', 2500, 18300, '2018-08-20', '결제완료', '경비실에 부탁합니다.', NULL, '46769', '부산 강서구 가덕해안로 3 (성북동)', '111-1111', NULL, NULL, NULL),
(283012559, 37, '카카오페이', 2500, 189500, '2018-08-20', '결제완료', '부재시 연락바랍니다.', NULL, '06327', '서울 강남구 삼성로 11 (개포동, 디에이치 아너힐즈(현장사무소))', '3층', NULL, NULL, NULL),
(296999545, 41, '카카오페이', 2500, 37500, '2018-08-19', '결제완료', '부재시 경비실에 맡겨주세요.', NULL, '05568', '서울 송파구 삼전로7길 29 (잠실동)', '501호', NULL, NULL, NULL),
(306209979, 42, '카카오페이', 2500, 37500, '2018-08-19', '결제완료', '배송시 문자 부탁드립니다.', NULL, '05568', '서울 송파구 삼전로7길 29 (잠실동)', '501호', NULL, NULL, NULL),
(333470948, 49, '카카오페이', 5000, 85000, '2018-08-19', '결제완료', '부재시 경비실에 맡겨주세요.', NULL, '27809', '충북 진천군 광혜원면 진광로 925 (죽현리, 갑을하이마트)', '비트캠프 401호', NULL, NULL, NULL),
(348495898, 37, '카카오페이', 2500, 22500, '2018-08-20', '결제완료', '부재시 문앞에 부탁합니다.', NULL, '08807', '서울 관악구 승방길 6 (남현동, 우남빌딩)', '아르떼 피아노 3층', NULL, NULL, NULL),
(357282447, 31, '카카오페이', 2500, 37500, '2018-08-20', '결제완료', '부재시 경비실에 맡겨주세요.', NULL, '06000', '서울 강남구 강남대로 708 (압구정동, 한남대교레인보우카폐)', '비트캠프 401호', NULL, NULL, NULL),
(412024722, 37, '카카오페이', 2500, 18300, '2018-08-20', '결제완료', '부재시 경비실에 부탁해요', NULL, '02842', '서울 성북구 개운사길 2 (안암동5가)', '111-1111', NULL, NULL, NULL),
(418290151, 5, '카카오페이', 2500, 47500, '2018-08-19', '결제완료', '부재시 경비실에 맡겨주세요.', NULL, '05568', '서울 송파구 삼전로7길 29 (잠실동)', '501호', NULL, NULL, NULL),
(422091349, 45, '카카오페이', 2500, 37500, '2018-08-19', '결제완료', '부재시 집 앞에 놓아주세요.', NULL, '05568', '서울 송파구 삼전로7길 29 (잠실동)', '501호', NULL, NULL, NULL),
(446858815, 38, '카카오페이', 2500, 47500, '2018-08-19', '결제완료', '부재시 경비실에 맡겨주세요.', NULL, '05568', '서울 송파구 삼전로7길 29 (잠실동)', '501호', NULL, NULL, NULL),
(447869040, 37, '카카오페이', 5000, 675000, '2018-08-19', '결제완료', '부재시 문앞에 두시기 바랍니다.', NULL, '15223', '경기 안산시 단원구 거미울길 3 (선부동)', '204-301', NULL, NULL, NULL),
(518473714, 32, '카카오페이', 5000, 63000, '2018-08-20', '결제완료', '부재시 경비실에 맡겨주세요!', NULL, '06779', '서울 서초구 강남대로 48-3 (양재동)', '비트캠프 401호', NULL, NULL, NULL),
(542123748, 40, '카카오페이', 2500, 47500, '2018-08-19', '결제완료', '배송시 문자 부탁드립니다.', NULL, '05568', '서울 송파구 삼전로7길 29 (잠실동)', '501호', NULL, NULL, NULL),
(556677977, 37, '카카오페이', 2500, 27500, '2018-08-20', '결제완료', '도착시 연락주세요', NULL, '42019', '대구 수성구 상록로 4 (범어동)', '104-411', NULL, NULL, NULL),
(573219846, 34, '카카오페이', 5000, 63000, '2018-08-20', '결제완료', '부재시 전화주세요.', NULL, '28204', '충북 청주시 상당구 가덕면 가덕시동길 31-9 (시동리)', '비트캠프 401호', NULL, NULL, NULL),
(589990484, 37, '카카오페이', 2500, 49000, '2018-08-19', '결제완료', '배송시 문자 부탁합니다.', NULL, '08783', '서울 관악구 쑥고개로 1 (신림동)', '1001-111', NULL, NULL, NULL),
(598992938, 44, '카카오페이', 2500, 37500, '2018-08-19', '결제완료', '부재시 문자 부탁드립니다.', NULL, '05568', '서울 송파구 삼전로7길 29 (잠실동)', '501호', NULL, NULL, NULL),
(598997980, 31, '카카오페이', 2500, 18300, '2018-08-20', '결제완료', '부재시 경비실에 부탁해요 ^^', NULL, '15235', '경기 안산시 단원구 선부광장북로 67 (선부동, 수정한양아파트)', '201-101', NULL, NULL, NULL),
(618425190, 42, '카카오페이', 2500, 47500, '2018-08-19', '결제완료', '부재시 문 앞에 놓아주세요.', NULL, '05568', '서울 송파구 삼전로7길 29 (잠실동)', '501호', NULL, NULL, NULL),
(628834429, 37, '카카오페이', 2500, 18300, '2018-08-20', '결제완료', '111', NULL, '02842', '서울 성북구 개운사길 2 (안암동5가)', '111', NULL, NULL, NULL),
(657739901, 37, '카카오페이', 2500, 512500, '2018-08-19', '결제완료', '부재시 경비실에 맡겨주시고, 연락 바랍니다.', NULL, '15237', '경기 안산시 단원구 선부광장북로 36 (선부동, 벽산블루밍아파트)', '112-2201', NULL, NULL, NULL),
(685523503, 5, '카카오페이', 2500, 37500, '2018-08-19', '결제완료', '부재시 문 앞에 놓아주세요.', NULL, '05568', '서울 송파구 삼전로7길 29 (잠실동)', '501호', NULL, NULL, NULL),
(691464549, 44, '카카오페이', 2500, 47500, '2018-08-19', '결제완료', '부재시 경비실에 맡겨주세요.', NULL, '05568', '서울 송파구 삼전로7길 29 (잠실동)', '501호', NULL, NULL, NULL),
(771450557, 45, '카카오페이', 2500, 47500, '2018-08-19', '결제완료', '배송시 문자 부탁드립니다.', NULL, '05568', '서울 송파구 삼전로7길 29 (잠실동)', '501호', NULL, NULL, NULL),
(771522385, 41, '카카오페이', 2500, 47500, '2018-08-19', '결제완료', '부재시 집 앞에 놓아주세요.', NULL, '05568', '서울 송파구 삼전로7길 29 (잠실동)', '501호', NULL, NULL, NULL),
(772619061, 31, '카카오페이', 2500, 18300, '2018-08-20', '결제완료', '부재시 연락바랍니다.', NULL, '02842', '서울 성북구 개운사길 2 (안암동5가)', '111-1111', NULL, NULL, NULL),
(818534671, 39, '카카오페이', 2500, 47500, '2018-08-19', '결제완료', '배송시 문자 부탁드립니다.', NULL, '05568', '서울 송파구 삼전로7길 29 (잠실동)', '501호', NULL, NULL, NULL),
(822800678, 50, '카카오페이', 5000, 85000, '2018-08-19', '결제완료', '부재시 경비실에 맡겨주세요.', NULL, '27809', '충북 진천군 광혜원면 진광로 921 (죽현리)', '비트캠프 401호', NULL, NULL, NULL),
(934311756, 37, '카카오페이', 5000, 72900, '2018-08-20', '결제완료', '부재시 경비실에 부탁해요', NULL, '08807', '서울 관악구 승방길 6 (남현동, 우남빌딩)', '111-111', NULL, NULL, NULL),
(941452921, 38, '카카오페이', 2500, 37500, '2018-08-19', '결제완료', '부재시 경비실에 맡겨주세요.', NULL, '05568', '서울 송파구 삼전로7길 29 (잠실동)', '501호', NULL, NULL, NULL),
(961235320, 31, '카카오페이', 2500, 18300, '2018-08-20', '결제완료', '부재시 경비실에 부탁해요', NULL, '02842', '서울 성북구 개운사길 2 (안암동5가)', '101-102', NULL, NULL, NULL),
(970633415, 37, '카카오페이', 2500, 87500, '2018-08-19', '결제완료', '부재시 복도에 놓아주세요', NULL, '15238', '경기 안산시 단원구 선부광장1로 81 (선부동, 주공15단지아파트)', '1501-1403', NULL, NULL, NULL),
(977533107, 43, '카카오페이', 2500, 47500, '2018-08-19', '결제완료', '배송시 전화 부탁드립니다.', NULL, '05568', '서울 송파구 삼전로7길 29 (잠실동)', '501호', NULL, NULL, NULL),
(987469677, 37, '카카오페이', 5000, 71000, '2018-08-20', '결제완료', '부재시 연락바랍니다.', NULL, '02842', '서울 성북구 개운사길 2 (안암동5가)', '1111-1111', NULL, NULL, NULL);

-- --------------------------------------------------------

--
-- 테이블 구조 `INTR_QNA`
--

CREATE TABLE `INTR_QNA` (
  `QNO` int(11) NOT NULL COMMENT '문의번호',
  `QRTDT` date NOT NULL COMMENT '문의일자',
  `TOIQ` varchar(100) COLLATE utf8_unicode_ci NOT NULL COMMENT '문의유형',
  `IQCT` varchar(255) COLLATE utf8_unicode_ci NOT NULL COMMENT '문의내용',
  `ARTDT` date DEFAULT NULL COMMENT '문의답변일자',
  `AWQT` varchar(255) COLLATE utf8_unicode_ci DEFAULT NULL COMMENT '문의답변내용',
  `WNO` int(11) NOT NULL COMMENT '작품번호',
  `MEMNO` int(11) NOT NULL COMMENT '회원번호',
  `MEMNO2` int(11) NOT NULL COMMENT '공방번호'
) ENGINE=InnoDB DEFAULT CHARSET=utf8 COLLATE=utf8_unicode_ci COMMENT='문의';

-- --------------------------------------------------------

--
-- 테이블 구조 `INTR_RLTSP`
--

CREATE TABLE `INTR_RLTSP` (
  `MEMNO` int(11) NOT NULL COMMENT '회원번호',
  `MEMNO2` int(11) NOT NULL COMMENT '회원번호2'
) ENGINE=InnoDB DEFAULT CHARSET=utf8 COLLATE=utf8_unicode_ci COMMENT='관계(팔로워 팔로잉)';

-- --------------------------------------------------------

--
-- 테이블 구조 `INTR_RVPHO`
--

CREATE TABLE `INTR_RVPHO` (
  `RVPNO` int(11) NOT NULL COMMENT '사진번호',
  `WONO` int(11) DEFAULT NULL COMMENT '작품주문번호',
  `REPATH` varchar(255) COLLATE utf8_unicode_ci DEFAULT NULL COMMENT '리뷰사진'
) ENGINE=InnoDB DEFAULT CHARSET=utf8 COLLATE=utf8_unicode_ci COMMENT='리뷰사진';

--
-- 테이블의 덤프 데이터 `INTR_RVPHO`
--

INSERT INTO `INTR_RVPHO` (`RVPNO`, `WONO`, `REPATH`) VALUES
(1, 1, 'cbc7dc83-45d5-4160-90ae-7acc461179e8'),
(2, 2, 'be056c6e-c0b1-4b11-9a24-2aa5827eb615'),
(3, 7, '4904924e-582c-4d8b-b56c-109cc5eb5608'),
(4, 4, 'c2eae0ca-274a-456b-97f7-37fd01881f6b'),
(5, 9, 'a93fafce-a379-4a8c-b35e-9a27ac82a21d'),
(6, 10, 'cb041bfc-5172-45c3-93e3-a3d180b3e5a4'),
(7, 11, '236c7476-adf8-4eae-8850-fc25fc4d1e2c'),
(8, 12, '908cb027-571f-4fbb-9c90-02aab10d2865'),
(9, 14, '460b8a47-2da3-47d2-8e9c-9994ebe8bf9f'),
(10, 15, '44c4c729-c757-4822-8b1b-b6a468da4108'),
(11, 16, '4d22fa8d-d978-4437-b0de-6431063a751f'),
(12, 17, '7161687a-b5c7-4224-a92b-34bf0ea750ff'),
(13, 18, '038d1529-96bd-4503-89be-a9378873d7ce'),
(14, 20, '7f58a4ce-81c5-4e85-a09d-778a50eff345'),
(15, 21, 'a9b71340-b195-4745-9344-40214d1e477b'),
(16, 22, '06c77a95-a253-4a10-a1e6-21fd44150104'),
(17, 23, '2fae0714-e595-43b6-be4c-e016ff8b7940'),
(18, 24, '4aa9aa00-651a-40a0-be15-6d3bd032cf8b'),
(19, 25, '0ef4f1b6-8c6b-4731-85b2-37d616d7d932'),
(20, 26, 'c9f1269f-a9c0-4ac4-90b3-be9f5450aa09'),
(21, 27, '36353f76-05a4-4155-a758-84fe255de058'),
(22, 28, 'c76ec6f1-fdd2-40a9-964f-8a13e1dbe6e5'),
(25, 35, 'b1b3f53e-48ee-46ff-a475-f195d9aca271'),
(26, 36, 'b15d2b03-3ea9-4234-b722-4a425e7f5cda');

-- --------------------------------------------------------

--
-- 테이블 구조 `INTR_SPBK`
--

CREATE TABLE `INTR_SPBK` (
  `WNO` int(11) NOT NULL COMMENT '작품번호',
  `MEMNO` int(11) NOT NULL COMMENT '회원번호',
  `BKOPT` text COLLATE utf8_unicode_ci COMMENT '옵션내용'
) ENGINE=InnoDB DEFAULT CHARSET=utf8 COLLATE=utf8_unicode_ci COMMENT='장바구니';

--
-- 테이블의 덤프 데이터 `INTR_SPBK`
--

INSERT INTO `INTR_SPBK` (`WNO`, `MEMNO`, `BKOPT`) VALUES
(59, 4, '색상 선택(연두, 보라, 주황, 핑크, 브라운)');

-- --------------------------------------------------------

--
-- 테이블 구조 `INTR_STMACH`
--

CREATE TABLE `INTR_STMACH` (
  `MEMNO` int(11) NOT NULL COMMENT '공방번호',
  `HTNO` int(11) NOT NULL COMMENT '해시태그번호'
) ENGINE=InnoDB DEFAULT CHARSET=utf8 COLLATE=utf8_unicode_ci COMMENT='공방태그매칭';

-- --------------------------------------------------------

--
-- 테이블 구조 `INTR_WKACP`
--

CREATE TABLE `INTR_WKACP` (
  `ACPNO` int(11) NOT NULL COMMENT '사진번호',
  `WSANO` int(11) DEFAULT NULL COMMENT '공방체험번호',
  `PATH` varchar(255) COLLATE utf8_unicode_ci DEFAULT NULL COMMENT '사진'
) ENGINE=InnoDB DEFAULT CHARSET=utf8 COLLATE=utf8_unicode_ci COMMENT='공방체험사진';

--
-- 테이블의 덤프 데이터 `INTR_WKACP`
--

INSERT INTO `INTR_WKACP` (`ACPNO`, `WSANO`, `PATH`) VALUES
(1, 1, '1cf259d7-e912-4e7a-80ea-9a9187a6bb50'),
(4, 2, 'f96ec2e6-57f8-4cbd-87af-ecc84930438d'),
(8, 3, 'ad2a147d-cfc1-4007-ad5a-9a01cc4a12ba'),
(18, 7, 'd23f38b9-9188-49bc-8a9a-e4dcd7932dac'),
(21, 8, '03716f23-7569-4cd6-88a3-59ad351ac004'),
(25, 9, '131a9f82-7ef7-43b8-8854-38bb41cc970b'),
(29, 10, '3d90e7f8-cf8d-4c78-bb30-7029c5e9d33b'),
(32, 11, 'ee6a365a-3c06-4779-9370-17956dfce567'),
(35, 12, 'd7f7d397-2197-4c47-8273-5c724abd370a'),
(38, 13, '43ea6bb3-ffde-4c88-a271-1210bda9cc3c'),
(42, 14, 'faf9c42a-a16e-4f04-860d-79ef65042910'),
(46, 15, '53c73576-fb09-4d25-bbc3-8d019a172836'),
(49, 16, '5065138f-8442-47cd-98b5-4ca4f65a58c6'),
(53, 17, '4fb4647e-5ea1-4117-864f-ef285317f29e'),
(104, 18, '1cf259d7-e912-4e7a-80ea-9a9187a6bb50'),
(107, 19, 'f96ec2e6-57f8-4cbd-87af-ecc84930438d'),
(111, 20, 'ad2a147d-cfc1-4007-ad5a-9a01cc4a12ba'),
(112, 21, 'd23f38b9-9188-49bc-8a9a-e4dcd7932dac'),
(115, 22, '03716f23-7569-4cd6-88a3-59ad351ac004'),
(119, 23, '131a9f82-7ef7-43b8-8854-38bb41cc970b'),
(123, 24, '3d90e7f8-cf8d-4c78-bb30-7029c5e9d33b'),
(126, 25, 'ee6a365a-3c06-4779-9370-17956dfce567'),
(129, 26, 'd7f7d397-2197-4c47-8273-5c724abd370a'),
(132, 27, '43ea6bb3-ffde-4c88-a271-1210bda9cc3c'),
(136, 28, 'faf9c42a-a16e-4f04-860d-79ef65042910'),
(140, 29, '53c73576-fb09-4d25-bbc3-8d019a172836'),
(143, 30, '5065138f-8442-47cd-98b5-4ca4f65a58c6'),
(147, 31, '4fb4647e-5ea1-4117-864f-ef285317f29e'),
(151, 32, '1cf259d7-e912-4e7a-80ea-9a9187a6bb50'),
(154, 33, 'f96ec2e6-57f8-4cbd-87af-ecc84930438d'),
(158, 34, 'ad2a147d-cfc1-4007-ad5a-9a01cc4a12ba'),
(159, 35, 'd23f38b9-9188-49bc-8a9a-e4dcd7932dac'),
(162, 36, '03716f23-7569-4cd6-88a3-59ad351ac004'),
(166, 37, '131a9f82-7ef7-43b8-8854-38bb41cc970b'),
(170, 38, '3d90e7f8-cf8d-4c78-bb30-7029c5e9d33b'),
(173, 39, 'ee6a365a-3c06-4779-9370-17956dfce567'),
(176, 40, 'd7f7d397-2197-4c47-8273-5c724abd370a'),
(179, 41, '43ea6bb3-ffde-4c88-a271-1210bda9cc3c'),
(183, 42, 'faf9c42a-a16e-4f04-860d-79ef65042910'),
(186, 42, '843136d2-1b55-42b3-955d-b853879a8354'),
(187, 43, '53c73576-fb09-4d25-bbc3-8d019a172836'),
(190, 44, '5065138f-8442-47cd-98b5-4ca4f65a58c6'),
(194, 45, '4fb4647e-5ea1-4117-864f-ef285317f29e'),
(198, 46, '1cf259d7-e912-4e7a-80ea-9a9187a6bb50'),
(201, 47, 'f96ec2e6-57f8-4cbd-87af-ecc84930438d'),
(205, 48, 'ad2a147d-cfc1-4007-ad5a-9a01cc4a12ba'),
(206, 49, 'd23f38b9-9188-49bc-8a9a-e4dcd7932dac'),
(208, 49, '64306034-ea70-49c9-833a-bb37709df863'),
(209, 50, '03716f23-7569-4cd6-88a3-59ad351ac004'),
(213, 51, '131a9f82-7ef7-43b8-8854-38bb41cc970b'),
(217, 52, '3d90e7f8-cf8d-4c78-bb30-7029c5e9d33b'),
(220, 53, 'ee6a365a-3c06-4779-9370-17956dfce567'),
(223, 54, 'd7f7d397-2197-4c47-8273-5c724abd370a'),
(226, 55, '43ea6bb3-ffde-4c88-a271-1210bda9cc3c'),
(230, 56, 'faf9c42a-a16e-4f04-860d-79ef65042910'),
(234, 57, '53c73576-fb09-4d25-bbc3-8d019a172836'),
(237, 58, '5065138f-8442-47cd-98b5-4ca4f65a58c6'),
(241, 59, '4fb4647e-5ea1-4117-864f-ef285317f29e'),
(245, 60, '1cf259d7-e912-4e7a-80ea-9a9187a6bb50'),
(248, 61, 'f96ec2e6-57f8-4cbd-87af-ecc84930438d'),
(252, 62, 'ad2a147d-cfc1-4007-ad5a-9a01cc4a12ba'),
(253, 63, 'd23f38b9-9188-49bc-8a9a-e4dcd7932dac'),
(256, 64, '03716f23-7569-4cd6-88a3-59ad351ac004'),
(260, 65, '131a9f82-7ef7-43b8-8854-38bb41cc970b'),
(264, 66, '3d90e7f8-cf8d-4c78-bb30-7029c5e9d33b'),
(267, 67, 'ee6a365a-3c06-4779-9370-17956dfce567'),
(270, 68, 'd7f7d397-2197-4c47-8273-5c724abd370a'),
(273, 69, '43ea6bb3-ffde-4c88-a271-1210bda9cc3c'),
(277, 70, 'faf9c42a-a16e-4f04-860d-79ef65042910'),
(280, 70, '843136d2-1b55-42b3-955d-b853879a8354'),
(281, 71, '53c73576-fb09-4d25-bbc3-8d019a172836'),
(284, 72, '5065138f-8442-47cd-98b5-4ca4f65a58c6'),
(288, 73, '4fb4647e-5ea1-4117-864f-ef285317f29e'),
(292, 74, '1cf259d7-e912-4e7a-80ea-9a9187a6bb50'),
(293, 74, 'ec80517a-b3a3-493c-a319-891cb24d25d7'),
(295, 75, 'f96ec2e6-57f8-4cbd-87af-ecc84930438d'),
(299, 76, 'ad2a147d-cfc1-4007-ad5a-9a01cc4a12ba'),
(300, 77, 'd23f38b9-9188-49bc-8a9a-e4dcd7932dac'),
(303, 78, '03716f23-7569-4cd6-88a3-59ad351ac004'),
(307, 79, '131a9f82-7ef7-43b8-8854-38bb41cc970b'),
(311, 80, '3d90e7f8-cf8d-4c78-bb30-7029c5e9d33b'),
(314, 81, 'ee6a365a-3c06-4779-9370-17956dfce567'),
(317, 82, 'd7f7d397-2197-4c47-8273-5c724abd370a'),
(320, 83, '43ea6bb3-ffde-4c88-a271-1210bda9cc3c'),
(324, 84, 'faf9c42a-a16e-4f04-860d-79ef65042910'),
(328, 85, '53c73576-fb09-4d25-bbc3-8d019a172836'),
(331, 86, '5065138f-8442-47cd-98b5-4ca4f65a58c6'),
(335, 87, '4fb4647e-5ea1-4117-864f-ef285317f29e'),
(336, 88, '585a2446-19c2-48c8-b48e-a05238a2264d');

-- --------------------------------------------------------

--
-- 테이블 구조 `INTR_WKOT`
--

CREATE TABLE `INTR_WKOT` (
  `OPNO` int(11) NOT NULL COMMENT '옵션번호',
  `WNO` int(11) NOT NULL COMMENT '작품번호',
  `ABVL` text COLLATE utf8_unicode_ci COMMENT '속성값'
) ENGINE=InnoDB DEFAULT CHARSET=utf8 COLLATE=utf8_unicode_ci COMMENT='작품옵션';

--
-- 테이블의 덤프 데이터 `INTR_WKOT`
--

INSERT INTO `INTR_WKOT` (`OPNO`, `WNO`, `ABVL`) VALUES
(1, 1, '책상 크기 조절 가능(가로*세로*높이)\r\n색상 설정: 파랑/녹색\r\n'),
(3, 10, '색상 선택(빨강, 파랑, 그레이, 베이지 등)'),
(5, 23, '색상 선택가능(빨/검/흰)'),
(7, 25, '식탁 가로/세로 조절가능 원하시는 길이를 적어주세요'),
(8, 26, '색상 선택(화이트, 옐로우, 오렌지, 레드, 스카이블루, 블루, 그린, 실버, 블랙)'),
(9, 27, '선반 높이 조절 가능(1단 ~ 4단)\r\n바구니 색상 선택 가능(아이보리/화이트/블랙)'),
(10, 28, '색상 선택(화이트/블랙)'),
(11, 29, '넓이 조정 가능(침대기준 Single ~ Queen)'),
(12, 30, '색상 선택(화이트/블랙)'),
(13, 31, ''),
(14, 32, '사이즈 선택\r\n- 가로800X깊이600X높이300\r\n-가로1000X깊이600높이300\r\n-가로1200X깊이600높이300'),
(15, 33, '규격 : 886*551*203 mm (가로*세로*높이)'),
(16, 34, '색상 : 화이트, 치수 : 50 * 70'),
(17, 35, '색상 : 화이트, 크기 : 160 * 210 cm'),
(18, 36, '사이즈 선택(소, 중, 대)'),
(19, 37, '색상 :  화이트,  사이즈 :  200 x 230cm'),
(20, 38, '색상 : 시나몬, 그레이, 크림\r\n사이즈 : 186x93x87cm'),
(22, 40, '규격 : 150 x 200 x 31cm\r\n'),
(23, 41, '색상 :  그린, 핑크\r\n사이즈 : 44.2 x 61.3 x 75~102.5cm'),
(24, 42, '사이즈 : 200~270 * 43.2 * 35.7 cm (가로*세로*높이)'),
(25, 43, '색상 : 블랙, 아이보리\r\n사이즈 : 175 x 40 x 52.1cm'),
(26, 44, '사이즈 : 76.2 * 50.8 * 91.4 cm ( 가로 * 세로 * 높이 )'),
(27, 45, '수납장 : 62 * 60 * 196.4 cm ( 너비 * 깊이 * 높이 )\r\n테이블 : 60~105 * 58.5 * 72.5 cm ( 너비 * 깊이 * 높이 )'),
(28, 46, '사이즈 : 62 * 60 * 196.4 cm ( 너비 * 깊이 * 높이 )'),
(29, 47, '사이즈 : 62 * 60 * 121.4 cm ( 너비 * 깊이 * 높이 )'),
(30, 48, '사이즈(단위mm)\r\n-가로90X세로90X두께12'),
(31, 49, '사이즈\r\n(가로)330mmx(세로)239mmx(높이)780mm'),
(32, 50, '사이즈\r\n가로600X깊이150X높이350'),
(33, 51, '사이즈(단위mm)\r\n-윗면 가로,세로 30X바닥면48X높이190\r\n-원홀18X깊이100'),
(34, 52, '색상 선택(화이트, 그레이)'),
(35, 53, '사이즈 5*5cm '),
(36, 54, '규 격\r\n- 230 x 90 x 54(mm)\r\n거치너비\r\n- 90mm'),
(37, 55, '사이즈 선택(소, 중)'),
(38, 56, '* * SIZE * *\r\n1호 (210x297mm)\r\n3호 (297x420mm)\r\n4호 (420x594mm)\r\n5호 (594x841mm)'),
(39, 57, ''),
(40, 58, ''),
(41, 59, '색상 선택(연두, 보라, 주황, 핑크, 브라운)'),
(42, 60, ''),
(43, 61, ''),
(44, 62, ''),
(45, 63, ''),
(46, 64, ''),
(47, 65, ''),
(48, 66, ''),
(49, 67, ''),
(50, 68, ''),
(51, 69, ''),
(52, 70, ''),
(53, 71, ''),
(54, 72, ''),
(55, 73, ''),
(56, 74, ''),
(57, 75, ''),
(58, 76, ''),
(59, 77, ''),
(60, 78, ''),
(61, 79, ''),
(62, 80, ''),
(63, 81, ''),
(64, 82, ''),
(65, 83, ''),
(66, 84, ''),
(67, 85, ''),
(68, 86, ''),
(69, 87, ''),
(70, 88, '2단 블랙 / 3단 화이트 / 5단 화이트 / 4단 원목'),
(71, 89, '직사각형 / 정사각형 / 곡선형 / 화이트 곡선형');

-- --------------------------------------------------------

--
-- 테이블 구조 `INTR_WORKS`
--

CREATE TABLE `INTR_WORKS` (
  `WNO` int(11) NOT NULL COMMENT '작품번호',
  `MEMNO` int(11) NOT NULL COMMENT '공방번호',
  `WTITL` varchar(50) COLLATE utf8_unicode_ci NOT NULL COMMENT '작품명',
  `PRICE` int(11) NOT NULL COMMENT '판매가',
  `WRTDT` date NOT NULL COMMENT '등록일',
  `WRMDT` date DEFAULT NULL COMMENT '수정일',
  `ALSTK` int(11) DEFAULT NULL COMMENT '재고수량',
  `SLST` varchar(50) COLLATE utf8_unicode_ci NOT NULL COMMENT '판매상태',
  `PDDT` text COLLATE utf8_unicode_ci NOT NULL COMMENT '제품상세',
  `SPCS` char(1) COLLATE utf8_unicode_ci NOT NULL COMMENT '배송비여부'
) ENGINE=InnoDB DEFAULT CHARSET=utf8 COLLATE=utf8_unicode_ci COMMENT='작품';

--
-- 테이블의 덤프 데이터 `INTR_WORKS`
--

INSERT INTO `INTR_WORKS` (`WNO`, `MEMNO`, `WTITL`, `PRICE`, `WRTDT`, `WRMDT`, `ALSTK`, `SLST`, `PDDT`, `SPCS`) VALUES
(1, 4, '멀티책상', 300000, '2018-08-17', NULL, 12, '판매중', '37ed6f8c-2f60-4f16-8654-016f928e9b03', 'Y'),
(10, 3, '1인 좌식소파', 20000, '2018-08-17', NULL, 99, '판매중', 'cf68ca7c-bc63-4ecb-bc67-554754b13acc', 'Y'),
(23, 4, '젤리에코 에펠체어', 45000, '2018-08-17', NULL, -2, '판매중', '120e1792-cac4-4d00-8482-0d33c1f423f2', 'Y'),
(25, 4, '와이드 6인 식탁', 600000, '2018-08-17', NULL, 10, '판매중', 'd51b8ca3-a5c0-47da-9eca-818f2a223428', 'Y'),
(26, 5, '단스탠드', 78000, '2018-08-17', NULL, 30, '판매중', '577a280c-5c15-4be2-bb96-0030c69fbaa1', 'Y'),
(27, 4, '파피오 철제 선반', 8000, '2018-08-17', NULL, 30, '판매중', '90c558fb-4ce9-4154-af27-c37a526c246a', 'Y'),
(28, 4, '3/5 선반', 45000, '2018-08-17', NULL, 20, '판매대기', 'e2c181ac-46d8-49e9-8bcf-5c93d0e3027d', 'Y'),
(29, 4, '무노 베드테이블', 79000, '2018-08-17', NULL, 0, '품절', '177b12d2-3341-47f2-875f-200f15f5cc2b', 'Y'),
(30, 4, 'D형 커피테이블', 47900, '2018-08-17', NULL, 13, '판매중', '33722d67-7e28-4d7c-8bc6-20c4504dd60d', 'Y'),
(31, 3, '키친바흐7 605 내추럴 오크', 250000, '2018-08-17', NULL, 11, '판매중', 'd695631a-44a4-42fc-b194-8c3f94ec6b05', 'Y'),
(32, 5, '원목 아카시아 접이식 테이블', 54000, '2018-08-17', NULL, 20, '판매중', '', 'Y'),
(33, 3, '클린업 슈퍼사일런트 싱크볼SB886', 250000, '2018-08-17', NULL, 33, '판매대기', '', 'Y'),
(34, 3, '슬립다이버 | 피톤치드 경추 굽베개솜', 11890, '2018-08-17', NULL, 300, '판매중', '', 'Y'),
(35, 3, '슈바르츠발트  폴란드구스 이불솜S(700g)', 298500, '2018-08-17', NULL, 60, '판매중', '', 'Y'),
(36, 5, '빈티지 고무나무 우드 유리화병', 23000, '2018-08-13', '2018-08-17', 15, '판매중', 'b018b7f9-482a-4df2-bee4-315900f56980', 'Y'),
(37, 3, '슈바르츠발트 | 폴란드구스 이불솜Q(900g)', 398570, '2018-08-17', NULL, 13, '판매중', '', 'Y'),
(38, 3, '유로 501  3인용 베드형 소파', 1300000, '2018-08-19', NULL, 5, '판매대기', '', 'Y'),
(40, 3, '유로 503 MEDIUM 매트리스 [Q]', 1299990, '2018-08-19', NULL, 10, '판매중', '', 'Y'),
(41, 3, '버디  책상의자', 350000, '2018-08-19', NULL, 44, '판매대기', '', 'Y'),
(42, 3, '체스 | 베이지 확장형 거실장', 570000, '2018-08-19', NULL, 2, '판매중', '', 'Y'),
(43, 3, '유로 401  거실장 AV장 1800', 461000, '2018-08-19', NULL, 0, '품절', '', 'Y'),
(44, 3, '그리에 | 뱀부 조리수납장', 187000, '2018-08-19', NULL, 2, '판매중', '', 'Y'),
(45, 3, '비스트로 | 오븐수납장 고급 테이블형', 555550, '2018-08-19', NULL, 55, '판매중', '', 'Y'),
(46, 3, '비스트로 | 오븐수납장 고급형', 510000, '2018-08-19', NULL, 21, '판매대기', '', 'Y'),
(47, 3, '비스트로 | 광파오븐 렌지대 박스수납형', 300000, '2018-08-19', NULL, 10, '판매중', '', 'Y'),
(48, 5, '멀바우 빈티지 육각 우드컵받침', 5000, '2018-08-19', NULL, 30, '판매중', 'ced389f7-52cd-4a72-9167-df20d4e3a901', 'Y'),
(49, 5, '원목 공간박스 수납장', 55000, '2018-08-19', NULL, 10, '판매중', 'edafe3ec-a854-40c2-9663-63ffe52d014b', 'Y'),
(50, 5, '원목 2단 벽선반 벽걸이선반', 78000, '2018-08-19', NULL, 15, '판매중', '6f62566d-551c-44f4-a307-cf8b42ff5bac', 'Y'),
(51, 5, '빈티지 멀바우 우드화병', 15900, '2018-08-19', NULL, 20, '판매중', 'dbe4c2c7-a7aa-4238-888f-820061260364', 'Y'),
(52, 45, '북유럽풍 스투키 실내공기정화식물', 35000, '2018-08-19', NULL, 1, '판매중', '', 'Y'),
(53, 41, '북유럽풍 소주잔', 5000, '2018-08-19', NULL, 25, '판매중', '', 'Y'),
(54, 40, 'Albero 아카시아우드스피커M5', 45000, '2018-08-19', NULL, 10, '판매중', '', 'Y'),
(55, 41, '북유럽풍 스파게티 볼', 35000, '2018-08-19', NULL, 20, '판매중', '', 'Y'),
(56, 44, '샹들리에 캔버스조명액자', 39000, '2018-08-19', NULL, 20, '판매중', '', 'Y'),
(57, 38, '북유럽 테슬쿠션', 29000, '2018-08-19', NULL, 40, '판매중', '', 'Y'),
(58, 45, '몬스테라 식물 인테리어 액자 A4', 35000, '2018-08-19', NULL, 30, '판매중', '', 'Y'),
(59, 38, '스칸디아모스 마크라메', 38000, '2018-08-19', NULL, 20, '판매중', '', 'Y'),
(60, 38, '2겹 양면 풍기인견 이불', 45000, '2018-08-19', NULL, 40, '판매중', '', 'Y'),
(61, 38, '라우니 차렵이불', 169000, '2018-08-19', NULL, 15, '판매중', '', 'Y'),
(62, 38, '린넨 베딩세트', 85000, '2018-08-19', NULL, 20, '판매중', '', 'Y'),
(63, 38, '린넨 비스코스 여름 침구', 150000, '2018-08-19', NULL, 30, '판매중', '', 'Y'),
(64, 38, '린넨 테이블보', 87000, '2018-08-19', NULL, 20, '판매중', '', 'Y'),
(65, 38, '썸 린넨베딩 (블루♡스카이블루)', 128000, '2018-08-19', NULL, 10, '판매중', '', 'Y'),
(66, 38, '아이스이불ㅡ시어서커 리틀래빗', 110000, '2018-08-19', NULL, 20, '판매중', '', 'Y'),
(67, 38, '여름인견이불_큐티고양이', 76000, '2018-08-19', NULL, 40, '판매중', '', 'Y'),
(68, 38, '2겹 양면 이불', 54000, '2018-08-19', NULL, 25, '판매중', '', 'Y'),
(69, 5, '베이직 AV Board 거실장', 159000, '2018-08-19', NULL, 10, '판매중', '', 'Y'),
(70, 40, '라이트 무소음 벽시계 A', 57000, '2018-08-19', NULL, 20, '판매중', 'ba17290a-6da3-4586-9983-fc830442be8a', 'Y'),
(71, 41, '모던윌로 머그', 36000, '2018-08-19', NULL, 15, '판매중', '', 'Y'),
(72, 41, '반달 수저받침', 25000, '2018-08-19', NULL, 19, '판매중', '', 'Y'),
(73, 38, '어반그레이 침구세트', 179000, '2018-08-19', NULL, 20, '판매중', '', 'Y'),
(74, 43, '모던 블랙 디퓨져', 23000, '2018-08-19', NULL, 30, '판매중', '', 'Y'),
(75, 41, '모던 사각접시', 38000, '2018-08-19', NULL, 30, '판매중', '', 'Y'),
(76, 45, '꿈꾸는 꽃사슴의 초원', 38000, '2018-08-19', NULL, 9, '판매중', '', 'Y'),
(77, 45, '둘이서 고양이 미니포트', 36000, '2018-08-19', NULL, 10, '판매중', '', 'Y'),
(78, 45, '마오리 코로키아 중대품', 85000, '2018-08-19', NULL, 4, '판매중', '', 'Y'),
(79, 45, '마크라메 미니 플랜트 행어 set', 63000, '2018-08-19', NULL, 15, '판매중', '', 'Y'),
(80, 45, '조용한 바다마리모', 28000, '2018-08-19', NULL, 14, '판매중', '', 'Y'),
(81, 45, '코코넛-이오난사+수염틸란드시아', 46200, '2018-08-19', NULL, 15, '판매중', '', 'Y'),
(82, 45, '행잉바스켓', 39700, '2018-08-19', NULL, 28, '판매중', '', 'Y'),
(83, 45, '화이트 포트리 미니 선인장', 26500, '2018-08-19', NULL, 14, '판매중', '', 'Y'),
(84, 43, '심플 라이프 디퓨져', 19600, '2018-08-19', NULL, 30, '판매중', '', 'Y'),
(85, 41, '심플 야생화 앞접시', 46500, '2018-08-19', NULL, 19, '판매중', '', 'Y'),
(86, 5, '두루마리 휴지케이스(심플형)', 15800, '2018-08-19', NULL, 22, '판매중', '4ba475a3-2b71-4671-b22a-2990835f7655', 'Y'),
(87, 38, '심플 체크 쿠션&방석(솜포함)', 32900, '2018-08-19', NULL, 39, '판매중', '', 'Y'),
(88, 51, '원목 사이드 테이블_Color4', 23000, '2018-08-20', NULL, 7, '판매중', 'a186555b-9793-4cee-b808-86c18c36e766', 'Y'),
(89, 51, '원목 거실 테이블', 35000, '2018-08-18', '2018-08-20', 5, '판매중', '93b70fc0-1489-4ac5-8d1d-f20916bba47b', 'Y');

-- --------------------------------------------------------

--
-- 테이블 구조 `INTR_WPHO`
--

CREATE TABLE `INTR_WPHO` (
  `WPNO` int(11) NOT NULL COMMENT '사진번호',
  `WNO` int(11) DEFAULT NULL COMMENT '작품번호',
  `PATH` varchar(255) COLLATE utf8_unicode_ci DEFAULT NULL COMMENT '사진',
  `MIPT` varchar(1) COLLATE utf8_unicode_ci DEFAULT NULL COMMENT '메인사진여부'
) ENGINE=InnoDB DEFAULT CHARSET=utf8 COLLATE=utf8_unicode_ci COMMENT='작품사진';

--
-- 테이블의 덤프 데이터 `INTR_WPHO`
--

INSERT INTO `INTR_WPHO` (`WPNO`, `WNO`, `PATH`, `MIPT`) VALUES
(1, 1, '07bfda46-4aca-4be8-a7a8-efdd6aeff989', 'y'),
(2, 1, 'e843e00c-a9d6-4eee-822e-a42e1d85f919', NULL),
(3, 1, '9c694825-c22a-4525-a295-a9dd3dcc3f8c', NULL),
(4, 1, 'fb570981-c1e2-4202-bc1f-f2321398c2cd', NULL),
(5, 1, 'e1f22e4f-fb29-4384-a262-08558646a3d6', NULL),
(6, 1, '0aef8daf-8581-4c5e-b266-604f9239346f', NULL),
(7, 1, '4ac5d19d-3f63-4135-8e59-07d085cb32a6', NULL),
(8, 1, 'ea65e0ff-2dc0-40c8-b5fe-998e45ef9741', NULL),
(20, 10, 'c81cbebb-0e22-4e0a-84f1-6bad86980b5c', NULL),
(21, 10, 'e76c2b6c-8ce5-4c8d-9827-66ee893c7b0a', 'y'),
(22, 10, '79b043c8-d9aa-49e6-b81c-99de9ad82653', NULL),
(23, 10, 'e63c9cc2-e8c1-4513-b045-8e356a492fec', NULL),
(24, 10, 'd0a56247-ea60-4a34-908b-dd5e01cf192e', NULL),
(25, 10, 'bce53d9a-19fd-4d0c-9a23-62341edc4dbc', NULL),
(26, 10, '001b7307-2b4b-4b01-8a9d-cae793974537', NULL),
(27, 10, '994ea972-dacc-45ae-9fc7-a110d5063c40', NULL),
(28, 10, '6973f527-f16d-4775-9435-dbd122d8ee91', NULL),
(29, 10, '6722b609-503d-40ac-9e39-8d200753e98c', NULL),
(30, 10, '950b5415-79a8-4e0c-8ef1-8dc466a818c3', NULL),
(39, 23, '7105bec8-6532-4e6b-b29d-f8ddd15d3b2d', NULL),
(40, 23, '72acfabe-fa80-41dd-907e-639b95974f0a', 'y'),
(41, 23, '5ddcfc6f-c120-4736-a5f6-5a77466215da', NULL),
(42, 23, '2b93b550-1c8c-4549-a4b1-68ff90479c18', NULL),
(43, 23, '53ed183b-3957-43d3-ac10-913acb399341', NULL),
(44, 23, '676b64a5-b58c-48c4-be60-61386bbe0e93', NULL),
(45, 23, 'b4de75af-49ec-4f2b-99f6-b817f235ab14', NULL),
(46, 23, 'a889206e-a091-4bf6-9eaf-a6f0e7f2069f', NULL),
(53, 25, 'ccd5a005-ccfe-4065-be64-b3400aa4c18e', NULL),
(54, 25, 'e9535352-0543-4e4f-96ec-b9d0484f7837', 'y'),
(55, 25, '588f4ca4-f103-4389-803a-c8b271c0c97f', NULL),
(56, 25, '981d9d44-2965-4275-803a-ed5640b83cf6', NULL),
(57, 25, '2c6a6e62-85ee-45a8-a0f9-d4fa51e5a3cb', NULL),
(58, 25, 'af781c77-a84b-4cb0-8705-759b7353dbfa', NULL),
(59, 25, 'b2c4ca55-add9-4360-b052-50bec6a5ed63', NULL),
(63, 26, '0b0a9d87-ec05-4727-834a-7ead4b80c8d2', NULL),
(64, 26, '1d5876a2-52c3-42b4-a7d1-b7d1ca99986d', NULL),
(65, 26, '036b2ba5-b8ee-4756-a6d1-9f0407369edc', NULL),
(66, 26, 'b35995e8-a0d7-47eb-a001-5a6c0ddb0f7a', NULL),
(67, 26, 'a444352d-1220-4bda-be76-f001610e077f', NULL),
(68, 26, '1ec48904-f106-4a05-82ca-178b8dc62ec9', NULL),
(69, 26, '0b2de69a-e03a-4624-a60f-0a6ca8f0aacb', NULL),
(70, 26, 'f4189e05-422b-4e2d-9a96-d0f7fd3f7073', NULL),
(71, 26, '64ae536b-d229-4c9f-b618-b2e6124d71fa', NULL),
(72, 26, 'e2f3fac7-0672-4839-baaa-44855b8a329d', NULL),
(73, 26, 'aca9aba3-28a1-4624-beeb-8b014736c9f8', 'y'),
(74, 27, 'a88f1e84-1a5f-44d8-ac36-d7697b79b303', NULL),
(75, 27, '83d90921-f3e6-4c7c-a27b-905d9d839e88', 'y'),
(76, 27, '0e337f26-895d-442d-ab24-92e64b316705', NULL),
(77, 27, '5765a6c1-fb8b-4dd4-a548-ddf98bdb56fb', NULL),
(78, 27, '939513fe-c69d-40ae-8627-8ab6a51ac4c3', NULL),
(79, 27, 'b3396e91-4a37-4af0-a8d2-1566efa04e6e', NULL),
(80, 27, '8c881150-b544-4b08-8daa-817b3b1a8893', NULL),
(81, 27, '07442729-6e94-424d-a898-ae1add40511a', NULL),
(82, 28, '6856bd56-4310-41ee-a761-d9b66e55d604', NULL),
(83, 28, '9bc52e32-ef77-4b9e-9293-f92663daa381', 'y'),
(84, 29, '514a9f4f-8d6b-4a54-8e94-88925ff9e4c9', NULL),
(85, 29, '9370132d-cce0-46d0-99a5-ee8f8f800be6', 'y'),
(86, 29, '36a131f8-13e2-413b-9966-cef46b026a24', NULL),
(87, 29, '71cfe207-013c-4556-8a3b-fd6f2d4414fe', NULL),
(88, 29, '10d54b44-de5c-416d-be1f-1d4cb398f1ef', NULL),
(89, 29, '7085210d-96ad-4220-b0a8-f82493d0383f', NULL),
(90, 30, 'f6a8bd32-bc2a-4936-85ad-460ac6debbca', NULL),
(91, 30, '8496e987-511d-4b34-a676-783ece2f090d', 'y'),
(92, 30, '74b0ff60-9f4b-4b8a-8c04-064b26378fd7', NULL),
(93, 30, '4ca4203e-5ec2-4276-8623-fe6f8515d322', NULL),
(94, 31, '06e9c905-4573-449e-9ff6-efad84135b54', NULL),
(95, 31, '80b998b2-77a8-4a2c-b195-561d06f0df19', 'y'),
(96, 31, '0a1a7a81-3e5a-45ad-9900-15ad78897482', NULL),
(97, 31, 'c25f25fb-b407-4fcf-91ec-0f35c2a7ed05', NULL),
(98, 32, 'b9b8fb7a-7a8e-47ea-8c4c-b0f4fa17f06a', NULL),
(99, 32, 'a719bde4-6ada-4186-9d98-e2f23a9be6d1', 'y'),
(100, 32, 'd057e04c-cb0b-456e-b6c2-f066df723835', NULL),
(101, 32, '5461f831-9669-41bb-a654-d7fcdacd7a90', NULL),
(102, 32, '60036f56-236c-43c1-bfb8-61bf1c87ae4e', NULL),
(103, 32, 'bac036f5-b39f-4e61-ac31-73826343fc2a', NULL),
(104, 32, '963645d5-e60e-41fc-9b95-7c5eb5c47f73', NULL),
(105, 32, '7f75d259-d07c-4963-b3d2-24db620476c5', NULL),
(106, 32, '625e0eb5-0853-4f95-90a4-1b4a75d481aa', NULL),
(107, 32, 'f100d65b-8d5e-4660-bd72-69e8196a82a2', NULL),
(108, 32, 'e6c3d109-79f0-4676-97ba-50c4a1445b95', NULL),
(109, 33, 'bb256366-8815-4a88-a91d-a6cd9e52519d', NULL),
(110, 33, '45fbb2b9-5b52-419f-a426-0504751ae506', 'y'),
(111, 33, '427de895-b048-43bd-8f8d-f923b316c849', NULL),
(112, 33, 'b3dc0f46-6175-4e68-bb76-296982e7a5ac', NULL),
(113, 34, '79bb5859-550f-49a2-986e-08e87afc09de', NULL),
(114, 34, '239f26fb-362c-4623-a54f-db3d55d6cb53', 'y'),
(115, 34, '26742f0f-ec89-455d-ad03-880ed5c4c693', NULL),
(116, 34, '72ea71a3-d910-4f55-93d1-0f0f97454a93', NULL),
(117, 34, '709c94cb-445b-4bd9-9d6c-70d4123ea0bf', NULL),
(118, 34, '231866f1-8145-43c3-b23e-76bdc4b3b1fe', NULL),
(119, 35, '2b79f430-f661-40c2-bcb7-654eaa604ae6', NULL),
(120, 35, '4caf7921-5604-4903-91d5-712dd8527ab0', 'y'),
(121, 35, 'c13d09b6-ecba-485e-b7d1-0139a64e9e92', NULL),
(122, 35, 'eb67becf-6d6a-446d-b17f-f7f07bb32c70', NULL),
(123, 35, '3473fcf2-a2a0-4e03-8c7e-f94da3fdccba', NULL),
(131, 37, 'a720c5da-e37e-4f19-a1c8-f7e5e1fd7185', NULL),
(132, 37, '2c290f1f-1aa8-4c71-a23c-227e7e370944', 'y'),
(133, 37, '3f0bb303-8472-444d-b4ca-54fc99fb4a88', NULL),
(134, 37, '397796ba-b1ed-40f9-b1b4-52945c3e7a99', NULL),
(135, 37, 'a9b3a4ed-863e-4c8a-8b18-5c3c86631765', NULL),
(147, 36, 'a99065fb-5ce0-406e-946e-707e221b9dea', NULL),
(148, 36, 'c5a3282b-2762-4098-bc5f-f3cbd6638ed4', NULL),
(149, 36, '13654d9c-15ab-4a44-921d-0086fcfc039d', NULL),
(150, 36, 'a3c942dc-6314-45dc-a717-a45b017012b7', NULL),
(151, 36, '9ae9732a-75d2-4cf5-a364-57124b34c36e', NULL),
(152, 36, '06eb27ae-5eb7-450c-86da-ec04ece52f13', NULL),
(153, 36, 'b7dca070-04ce-4bdf-9200-2da606d91dc2', NULL),
(154, 36, '1ffe4708-38ad-4331-a3fe-0d006809cb6b', NULL),
(155, 36, 'f8e52cd4-7619-4a6b-802b-f89dadfaa73d', NULL),
(156, 36, 'cf0fcac8-0e85-4e44-b1ff-3d6fd24a7289', NULL),
(157, 36, '621505af-d675-40bd-afc9-b689b3cf7c75', NULL),
(158, 38, '9d059d9c-24ca-41fb-81ae-b1581fd3e6ec', NULL),
(159, 38, 'bcb6d64a-2676-4f80-9426-582930804838', 'Y'),
(160, 38, 'f47edef6-bddf-44a6-b98a-ff28e163369b', NULL),
(163, 40, 'c8b78ab3-40f9-4e77-bad2-47309fe19957', NULL),
(164, 40, '8d1efbbc-0caa-4efd-a152-680841390973', 'Y'),
(165, 41, '64bdd942-99a1-400e-b783-0eff17bff498', NULL),
(166, 41, '95ad3189-bef2-4cc8-aabf-140acb6146a0', 'Y'),
(167, 41, '35e59efd-a985-48b2-a4e3-204a48e9195a', NULL),
(168, 41, 'f5d935f1-b27e-427a-9c32-b93522a64569', NULL),
(169, 42, '955ff407-aedf-441a-82b0-731ff6efccf7', NULL),
(170, 42, 'cf9b7416-e68b-480e-ad57-a1b1a2142a56', 'Y'),
(171, 42, '298c8c17-584d-4b52-9e5d-d6812bfadf62', NULL),
(172, 43, '3e97b055-e24a-4cf1-8cb6-84dfca370db4', NULL),
(173, 43, '0d12e2bd-3dbc-4b11-9b33-6027254aaf73', 'Y'),
(174, 43, 'd9fc4a6b-cb38-4472-a9f9-b98380dae8e7', NULL),
(175, 43, '0686934b-1dd3-445a-9a00-0a09ec7cccad', NULL),
(176, 43, 'e8694b2d-3dca-477f-9707-443f34c77804', NULL),
(177, 44, 'fb0b2f2c-279c-4320-85a7-87f91b9314d7', NULL),
(178, 44, '132e3a52-2c9f-4fb7-85ab-a122980ca319', 'Y'),
(179, 45, 'df564f1b-2442-4b48-a9aa-5a6b44459a16', NULL),
(180, 45, 'b436b4c1-f480-426b-a82d-361511399d4b', 'Y'),
(181, 45, '2f4ca7b8-e084-4ef3-bf39-765fa1997815', NULL),
(182, 45, 'c3c5f5a5-d942-40d8-abf3-d82caed6ffae', NULL),
(183, 46, '997cfe2f-ca2f-4ba3-bf93-1d2fb2ea1269', NULL),
(184, 46, 'fce88cb2-bd41-4fe6-9694-f67e563690ed', 'Y'),
(185, 46, '976a6d81-b478-4224-a9b7-25961bad3495', NULL),
(186, 46, 'd96a9504-9212-4875-b63c-dad37a715c87', NULL),
(187, 46, '1f3e4e13-7469-4a5c-91d4-35d060804f87', NULL),
(188, 47, '128097c1-bb7d-42f4-be05-0b6807d1988c', NULL),
(189, 47, '6d86569d-7e67-46cb-870f-7c9d36f1b025', 'Y'),
(190, 48, 'e0445bc1-23de-49a5-91ce-cf87fd6ba5fc', NULL),
(191, 48, 'a31ec4ce-7f6d-4a6b-8a01-7a686f748554', 'Y'),
(192, 48, '124ec1d3-9405-4b4f-8422-3cb153009793', NULL),
(193, 48, 'cd830cc8-66b7-46ef-a164-4dc62a83c665', NULL),
(194, 48, '8d00d4c6-70fc-4d64-ae80-582392f78244', NULL),
(195, 48, '60577d3a-0482-491a-8872-ec7ffddff866', NULL),
(196, 48, '9f902d0f-51d8-40bb-8ff4-a8e64be3084a', NULL),
(197, 48, 'e23a8eb6-a1f5-4a29-83ab-5bcf6fd1879d', NULL),
(198, 48, '4f0f872a-7797-4b99-97c7-88d982c2b956', NULL),
(199, 48, 'aa0d156d-024d-4376-9e8b-2aacd11fb699', NULL),
(200, 48, 'dfd411e4-ed6c-4830-a3a7-97811299338e', NULL),
(201, 49, '3cc8359d-841b-4a83-b723-5f2e5f6983c7', NULL),
(202, 49, 'd36c786e-230e-49b3-a35e-4253717bf0d8', 'Y'),
(203, 49, '62e8f69c-7872-4907-8ee4-776f47202e37', NULL),
(204, 49, '4b937db7-9575-4a29-ab56-02e70fa71636', NULL),
(205, 49, '0f3c6bd7-ac39-4a2d-85cd-b00ed9268dff', NULL),
(206, 49, 'db1a37fc-db5e-48b6-b40d-3bdf842429bb', NULL),
(207, 49, 'cced26ec-1618-405c-a748-74b6ef49906f', NULL),
(208, 49, 'daa4ae8c-a4df-403f-ac4b-3817a765258e', NULL),
(209, 49, '0d3b3e45-2286-46a3-b97b-72946d9ec861', NULL),
(210, 49, 'afb7bd46-e7b2-4fdd-b526-a4637a22e2ee', NULL),
(211, 49, '6a273e65-03d3-4633-b9d5-1732a9cb06f2', NULL),
(212, 50, '1d247796-4a78-40d1-b12c-3fdd0b8bfbf2', NULL),
(213, 50, '68e70cb4-462a-418b-b397-c81e0c9a309f', 'Y'),
(214, 50, '5e1c5fbd-f36b-42ee-8a02-feaef17616a3', NULL),
(215, 50, 'ec9b04ec-79d1-4a90-9cb0-fa565d9904cf', NULL),
(216, 50, 'fe8027ac-191f-4866-a64e-e9fa004663bb', NULL),
(217, 50, '5d972bf7-9d3f-4075-8066-a66f5c63cbab', NULL),
(218, 50, '4e5fb8b7-2b48-42c9-8971-97c29a7780b1', NULL),
(219, 50, '23a59a1d-0d67-4474-b05f-22a05eaf69d5', NULL),
(220, 50, '3dc8d153-6a48-48cc-815b-5750b11215c5', NULL),
(221, 50, '3e63708f-c694-4162-95b3-87ad79331202', NULL),
(222, 50, '3c70b724-6185-4b42-8926-d8a59f1a57c4', NULL),
(223, 51, 'efe3ff1b-1b00-4aa6-9528-1eb9f5b555e1', NULL),
(224, 51, '52e7b485-d4f4-4c49-ad91-b32dd34dc6ee', 'Y'),
(225, 51, '9e6432fe-9051-4364-a3c5-5dc1c479be67', NULL),
(226, 51, '52d8dc8a-5d9f-402e-8f48-1a95bd945589', NULL),
(227, 51, '79387441-7a80-4e67-8196-2cbc148b56bb', NULL),
(228, 51, 'bc71a447-5179-400a-92e2-bff8a04fbe60', NULL),
(229, 51, 'a217a467-c919-4dbe-b630-550465d44e03', NULL),
(230, 51, 'f05ddfde-107d-4506-8289-b06d94c5fe6d', NULL),
(231, 51, 'fec67d93-e376-4121-ac03-7daec1321a3f', NULL),
(232, 51, 'c5ae080e-5120-4f9d-8df2-44c46b02038b', NULL),
(233, 51, 'cae827aa-36c0-423a-9585-0cb5f5fcccb2', NULL),
(234, 52, 'aeb20080-726c-4463-930f-0ceaacf82817', NULL),
(235, 52, 'dacc98e5-c3ba-429e-b9cf-05ac3ac46b8a', 'Y'),
(236, 52, 'e73eb3f0-0ca3-4299-8c05-fed919efe63c', NULL),
(237, 52, '297c9b69-951d-426c-8f69-3dba8e01cdfc', NULL),
(238, 52, '83a9aa73-586b-447b-bb5c-0979cc9bccab', NULL),
(239, 52, 'a702f303-f5de-45b3-8e93-91608d2cebdc', NULL),
(240, 52, 'edaed27a-01bc-46fe-9dd3-aae5a13b9be2', NULL),
(241, 52, 'a245e92f-5ec3-43bb-b154-05a61d86185a', NULL),
(242, 52, '6b91200b-dfee-460d-bca8-72f0c9f41a2f', NULL),
(243, 52, '609a7569-717c-4291-84ef-472a594f26c5', NULL),
(244, 52, 'c2ff229a-7132-408a-894b-6547b106589a', NULL),
(245, 53, 'd6650742-b0b8-45e8-8c10-a4eb30fe6f26', NULL),
(246, 53, '26c00988-b1b7-4983-840e-cf6d2edde2ed', 'Y'),
(247, 53, 'b0e8c06c-0b9a-4861-9ef0-296a60d24446', NULL),
(248, 53, 'd43523cf-6e6c-4e0d-a055-676140959156', NULL),
(249, 54, 'a5617a23-476e-4cbe-8ed5-2a792322f8dd', NULL),
(250, 54, 'c8432de6-61d1-4a55-b40e-63767643d47c', 'Y'),
(251, 54, 'b946c5d8-3efe-40a8-b01b-b274c4ceb20b', NULL),
(252, 54, '139e8441-a78d-4ade-8a20-3c91b645b551', NULL),
(253, 54, 'd28e80c2-d70c-42ee-9488-fe754e41dbc8', NULL),
(254, 54, 'c557af0e-d3e8-446c-a4ae-ae770b40f244', NULL),
(255, 55, '2f222002-9683-4d2b-91a5-2429b3afa98b', NULL),
(256, 55, 'e23ef301-0543-4e34-8ad7-2fe6b9896ab3', 'Y'),
(257, 55, '623fa19d-fd4d-4d4c-a064-59f37581c1d3', NULL),
(258, 55, 'ed373687-026b-4d24-96f1-cb4e1fc40032', NULL),
(259, 55, '7ca7b6a7-c385-45b5-8304-274b6fab6128', NULL),
(260, 56, 'd677a10c-604d-41d7-9ed3-779c9a527e64', NULL),
(261, 56, '6dbdb239-02e4-4a8b-8396-7f734b8adc41', 'Y'),
(262, 56, 'b777c289-b01a-4941-b5df-08ad66ca778f', NULL),
(263, 57, '28b6d7e6-f79d-42cc-8068-1dc87140506b', NULL),
(264, 57, '0961bc1e-f814-4ce2-9656-5a1b5c05718d', 'Y'),
(265, 58, '24d48c39-6423-4a22-a58d-b24138e121c6', NULL),
(266, 58, '71788034-80cf-4256-983a-4e189b07dd4d', 'Y'),
(267, 58, '47ecf2b6-d3d5-40db-a8d6-21130b698ed2', NULL),
(268, 59, 'a57bee54-e77c-4965-b0c1-bc7cdf288602', NULL),
(269, 59, 'c912c104-7218-400e-9160-0f8a1a14d4c5', 'Y'),
(270, 59, '9767199b-d91c-464c-b880-2bd4049b73ff', NULL),
(271, 59, '71eed95d-de15-4b70-ad7f-16bcb0abd541', NULL),
(272, 59, 'cef0135b-7f01-4439-aee9-d56433d3220c', NULL),
(273, 59, '96034579-83c5-4931-aa37-4c6f0d6536e6', NULL),
(274, 59, 'c9784ebf-5bdd-40fa-a87a-4363287aa5a6', NULL),
(275, 60, 'a6573c8b-6616-4748-975d-327a88209131', NULL),
(276, 60, 'c63f22a2-171d-4172-80d3-b670d1d45e5d', 'Y'),
(277, 60, '960ffb9a-3ee5-4aa9-b658-aeb26a25456d', NULL),
(278, 61, '4bc3a502-e9f3-4fff-bb07-28523270e678', NULL),
(279, 61, 'c7f452a8-62c1-442b-9df0-d0897b5a821e', 'Y'),
(280, 62, '7434feda-7146-46d6-ad81-ed963d14ac7d', NULL),
(281, 62, '4c601a5f-4052-48c3-a5a3-62d220f0ab0a', 'Y'),
(282, 63, '5ba854d4-1144-4f2d-9938-feb2e69b18c8', NULL),
(283, 63, '750f2029-5132-47a9-b6e2-b8dc908fd67e', 'Y'),
(284, 63, 'd11fd878-dd06-4251-886e-0e867966e35e', NULL),
(285, 64, '17361153-151e-4db3-8a40-113626ca7e0a', NULL),
(286, 64, '84059ea8-7155-418b-b885-048198a274d3', 'Y'),
(287, 65, '30dde77c-e891-461e-ace0-59162addc521', NULL),
(288, 65, '23435794-6555-4105-ac07-01f90ee4716e', 'Y'),
(289, 66, '46c52df6-f6c4-4c15-acbf-06801ded1576', NULL),
(290, 66, 'ec9a2bb7-3593-4df4-a72c-6979ceffcda6', 'Y'),
(291, 66, '3d45aa5f-aca9-4c28-98c0-65dbd91998cb', NULL),
(292, 67, 'd621f6d4-9d2f-49d7-ba69-21846d5f0249', NULL),
(293, 67, '9d383e31-cca4-4038-b399-7d152eac087f', 'Y'),
(294, 67, 'fc7aca1f-babb-4355-b0d8-f7bcbd91eb75', NULL),
(295, 68, 'b476448e-26e8-40bf-a2ba-236b5dab15ae', NULL),
(296, 68, 'e71c4a0e-54af-44d3-83ec-76bc738754e4', 'Y'),
(297, 68, 'dd039f2d-e268-48b3-82ac-baeb09c9ee55', NULL),
(298, 69, '2845519f-bba6-4c0a-ac53-4ae5715eab25', NULL),
(299, 69, 'd6be671b-bcda-4768-86c8-276cd9b8d01e', 'Y'),
(300, 70, 'c355fda2-c568-4d9d-b56f-96c7ac7fa694', NULL),
(301, 70, '192fdfcb-6b39-44e8-9d37-afe5953c6ff4', 'Y'),
(302, 71, 'af420bfa-d6d0-41ec-aee4-bb51c232ee84', NULL),
(303, 71, 'ecc22b43-b3e6-4b8e-bff7-ac4bdf362173', 'Y'),
(304, 72, 'b51681c8-4e5a-4ae4-ae34-e422ed27fb63', NULL),
(305, 72, '7879d62b-d75b-407a-96b0-c6144b29900a', 'Y'),
(306, 73, 'ec243bd6-1bc2-4212-b1b2-1d84fd44ed71', NULL),
(307, 73, '700bcf75-0f26-425f-83e5-8aaadf1a4420', 'Y'),
(308, 74, '02e7f071-5881-4fbd-bd48-4ea18ea7f6b8', NULL),
(309, 74, '3976509f-d282-48b6-9348-334c922b9db6', 'Y'),
(310, 75, 'b279ae1a-bce1-4d63-b04c-bf9819028509', NULL),
(311, 75, 'c63ba43c-f2bc-4898-a16a-9c71b2aa529d', 'Y'),
(312, 76, '1561562d-08c2-4a3f-8267-c8c857788293', NULL),
(313, 76, '1766396d-d04c-42d1-953c-83638630b2eb', 'Y'),
(314, 77, '7ba853d3-c94e-479b-87e2-94be652d0e26', NULL),
(315, 77, '2c095bfa-e86b-4398-802a-8d7c84f63d1a', 'Y'),
(316, 78, '832fb24f-7249-4fc6-b5ea-dedfcf157b08', NULL),
(317, 78, '0b5e6ccf-560b-48de-a09d-7df1c81867a3', 'Y'),
(318, 79, '269ae1f1-6241-4b6f-bac7-f672a1c63f10', NULL),
(319, 79, '55c9bfdb-7836-410b-a872-914c39620f1f', 'Y'),
(320, 80, 'ffb3800f-30ea-4b86-a2aa-f486a83a0e6f', NULL),
(321, 80, '74c88799-5cab-4668-80f1-5dc0b5969a24', 'Y'),
(322, 81, '0d602841-e251-4e2b-b805-7f46d2156e5f', NULL),
(323, 81, '88a18789-851a-4ce3-b1c7-10769ec332df', 'Y'),
(324, 82, 'd6324771-a9cf-4b1b-8388-ab4a095827fe', NULL),
(325, 82, '30faaf15-f701-4aa3-bb22-dbf563707faf', 'Y'),
(326, 83, '2327180d-18ca-4ff1-8b2e-c705a1e75255', NULL),
(327, 83, 'd78de09f-e9fb-41d7-a6f4-9529b985f4e2', 'Y'),
(328, 84, '1c00a1b2-c034-4bdc-84d8-2acafb9a5688', NULL),
(329, 84, '907ca2e7-beb6-45bf-a217-11eef42ae90f', 'Y'),
(330, 85, '5e7a8870-e7ae-4101-9dc1-f94915f64734', NULL),
(331, 85, '49368879-dffd-4577-88e5-432a8bb0d864', 'Y'),
(332, 86, '96924f36-770f-41a4-8cf1-67017fbd7a48', NULL),
(333, 86, '843a325f-72c1-4fe4-ba81-35c5332313e1', 'Y'),
(334, 87, '40f715ad-1ae4-4d0c-9633-621b8871ef3c', NULL),
(335, 87, 'def63c3c-c260-49e4-8cf7-6d2acb40b1f0', 'Y'),
(336, 88, '399244c9-bbe0-4e66-968b-6e00ddf7ec5b', NULL),
(337, 88, 'f8c87f0a-98a2-4003-b56c-24c49cb34e17', 'Y'),
(338, 88, 'c56c4b65-f632-46dd-93f8-c3e635e72ece', NULL),
(339, 88, 'ed66faed-81ec-41fa-b81f-e7a9d66a4fa5', NULL),
(361, 89, 'a769c0b4-1acd-4eac-8b19-3ffaf093625d', NULL),
(362, 89, '77bf1c98-678c-4f44-a82e-6716aa025db3', NULL),
(363, 89, '0b7d2526-6d5a-4203-9b4a-06fbad7bb2b3', NULL),
(364, 89, 'f1bb18f1-5c21-4415-9feb-c42acdb971f5', NULL),
(365, 89, '297d85cf-a352-4636-88e8-2e078806a818', NULL),
(366, 89, '8786e984-2393-48eb-a16d-31f932b0e5b8', NULL),
(367, 89, '1b777a35-b7cb-43f0-95a7-5de6ed187e34', NULL);

-- --------------------------------------------------------

--
-- 테이블 구조 `INTR_WRKSHP`
--

CREATE TABLE `INTR_WRKSHP` (
  `MEMNO` int(11) NOT NULL COMMENT '공방번호',
  `BSNO` varchar(255) COLLATE utf8_unicode_ci NOT NULL COMMENT '사업자번호',
  `MUTUA` varchar(50) COLLATE utf8_unicode_ci NOT NULL COMMENT '상호',
  `RNAME` varchar(50) COLLATE utf8_unicode_ci NOT NULL COMMENT '대표자명',
  `INDST` varchar(100) COLLATE utf8_unicode_ci NOT NULL COMMENT '업태',
  `ITEMS` varchar(100) COLLATE utf8_unicode_ci NOT NULL COMMENT '종목',
  `ZCODE` char(5) COLLATE utf8_unicode_ci DEFAULT NULL COMMENT '우편주소',
  `BADDR` varchar(100) COLLATE utf8_unicode_ci DEFAULT NULL COMMENT '기본주소',
  `DADDR` varchar(100) COLLATE utf8_unicode_ci DEFAULT NULL COMMENT '상세주소',
  `WSNM` varchar(50) COLLATE utf8_unicode_ci DEFAULT NULL COMMENT '공방명',
  `ITROD` varchar(255) COLLATE utf8_unicode_ci DEFAULT NULL COMMENT '소개글',
  `WSCTT` text COLLATE utf8_unicode_ci COMMENT '공방소개 내용',
  `FCBK` varchar(255) COLLATE utf8_unicode_ci DEFAULT NULL COMMENT '페이스북',
  `TWIT` varchar(255) COLLATE utf8_unicode_ci DEFAULT NULL COMMENT '트위터',
  `ISTAG` varchar(255) COLLATE utf8_unicode_ci DEFAULT NULL COMMENT '인스타'
) ENGINE=InnoDB DEFAULT CHARSET=utf8 COLLATE=utf8_unicode_ci COMMENT='공방';

--
-- 테이블의 덤프 데이터 `INTR_WRKSHP`
--

INSERT INTO `INTR_WRKSHP` (`MEMNO`, `BSNO`, `MUTUA`, `RNAME`, `INDST`, `ITEMS`, `ZCODE`, `BADDR`, `DADDR`, `WSNM`, `ITROD`, `WSCTT`, `FCBK`, `TWIT`, `ISTAG`) VALUES
(3, '151441934', '주식회사 한샘', '한재성', '인테리어', '가구', '08536', '서울 금천구 시흥대로152길 11-31 (독산동, 한샘인테리어)', '인테리어 금천점', 'Cerpia', '안녕하세요 Cerpia입니다 ^^', NULL, NULL, NULL, NULL),
(4, '1322123122', '작은 언니네', '강동민', '인테리어', '가구', '13536', '경기 성남시 분당구 판교역로14번길 16 (백현동)', '134-2 3층', '작은 언니네', '안녕하세요 작은언니네 입니다.', NULL, NULL, NULL, NULL),
(5, '215869360', '체어봄 가구공방', '강성문', '인테리어', '가구', '05661', '서울 송파구 오금로 311 (오금동, 퍼시스 서울본사)', '(오금동45-1)', '체어봄', '부부가 함께 만드는 가구 \"체어봄\"', NULL, NULL, NULL, NULL),
(36, '1101581125', 'Serpia', '김승환', '인테리어', '패브릭', '06267', '서울 강남구 강남대로 238 (도곡동, 스카이쏠라빌딩)', '3층', NULL, NULL, NULL, NULL, NULL, NULL),
(37, '114259845', '인테리어 카라공방', '구하라', '인테리어', '생활', '04016', '서울 마포구 희우정로15길 1 (망원동)', '카라공방상가', '카라 생활 공방', '안녕하십니까?\n생활용품을 취급하는 카라 공방입니다.', NULL, NULL, NULL, NULL),
(38, '120811179', '그린아일 홈', '차정호', '인테리어', '패브릭', '06045', '서울 강남구 학동로19길 22 (논현동, 조엔리빌딩)', '', '그린아일 홈', '소재를 중요시하는 그린아일입니다.', NULL, NULL, NULL, NULL),
(39, '135813223', '달달해', '정원근', '인테리어', '데코/조명', '06044', '서울 강남구 강남대로 566 (논현동, 신영와코루빌딩)', '', '달달해', '고객 맞춤 주문제작 LED MOOD LIGHT', NULL, NULL, NULL, NULL),
(40, '220813176', '우드스튜디오알프', '박진규', '인테리어', '가전', '06612', '서울 서초구 서초대로73길 40 (서초동, 강남오피스텔)', '', '우드스튜디오알프', '실용을 넘어 스타일링을 완성하는 심미적 기능을 중시합니다^^', NULL, NULL, NULL, NULL),
(41, '235814857', 'ceramicANN', '서지원', '인테리어', '생활', '06612', '서울 서초구 서초대로73길 40 (서초동, 강남오피스텔)', '', 'ceramicANN', '핸드메이드 도자기', NULL, NULL, NULL, NULL),
(42, '211814332', 'MIMINAKO 미미나꼬', '유세영', '인테리어', '주방', '06045', '서울 강남구 학동로19길 22 (논현동, 조엔리빌딩)', '', 'MIMINAKO 미미나꼬', '나(MI)와 당신(ME)이 즐기는\n자연계의 색감(NAKO)\n세상에 단 하나뿐인\n미미나꼬 MIMINAKO', NULL, NULL, NULL, NULL),
(43, '387861244', '허그올', '허재희', '인테리어', '욕실', '05661', '서울 송파구 오금로 311 (오금동, 퍼시스 서울본사)', '', '허그올', '심플리시티&클래식 디자인의 100% 핸드메이드 직조브랜드\n따뜻하고 아름다운 공간 스타일링', NULL, NULL, NULL, NULL),
(44, '521867144', '하슈 스튜디오', '허이재', '인테리어', '데코/조명', '06045', '서울 강남구 학동로19길 22 (논현동, 조엔리빌딩)', '', '하슈 스튜디오', '반짝이는 당신만을 위한 그림\n기억하고 싶은, 반짝이는 순간들을 담아냅니다.\n일상에 위로를 전하고 싶은 일러', NULL, NULL, NULL, NULL),
(45, '398862442', '플랜스토어', '이제니', '인테리어', '데코/조명', '06044', '서울 강남구 강남대로 566 (논현동, 신영와코루빌딩)', '', '플랜스토어', '다육식물, 스투키, 선인장, 관엽식물 등 \n전문으로 하고 있습니다.', NULL, NULL, NULL, NULL),
(51, '1098132095', '명수의 수제공방', '경명수', '제조 판매', '생활', '28540', '충북 청주시 청원구 교서로 97 (우암동)', '비트캠프 401호', '일룸', '깔끔함을 추구하는 수제공방입니다!', '저희 공방은 신뢰와 깔끔한 디자인을 추구하는 공방입니다.\n믿고 맡겨주지는 찾아주시는 고객님들께\n다시 한 번 더 방문하고싶어지도록 최선을 다 할 것입니다.\n저희는 하나의 제품만을 취급하지 않고, 고객이 원하는 디테일한 부분까지 만들어드릴 수 있습니다.\n기존에 판매되어지고 있는 제품들 또한 저희의 노하우가 집약되어있는 제품으로 절대로 퀄리티가 부족하지 않을 것입니다.\n\n필요한 제품이 있다면 석고방향제, 소형가구, 주방도구 등 다양한 품목들을 다 취급하고 있으며 식물 또한 인테리어의 일부라 생각하여 취급하고 있습니다.\n\n저희 공방은 각 품목들마다 전문인력이 있어 결코 품목이 다양하다고 품질이 떨어지지 않습니다.\n\n원하시는게 있다면 말씀해주세요!\n무엇이든지 제작해드립니다!', NULL, NULL, NULL);

-- --------------------------------------------------------

--
-- 테이블 구조 `INTR_WSAV`
--

CREATE TABLE `INTR_WSAV` (
  `WSANO` int(11) NOT NULL COMMENT '공방체험번호',
  `MEMNO` int(11) NOT NULL COMMENT '공방번호',
  `ACNM` varchar(50) COLLATE utf8_unicode_ci NOT NULL COMMENT '체험명',
  `MINNO` int(11) NOT NULL COMMENT '최소인원',
  `MAXNO` int(11) NOT NULL COMMENT '최대인원',
  `ACTDT` date NOT NULL COMMENT '체험일자',
  `AVST` time DEFAULT NULL COMMENT '시작시간',
  `AVET` time DEFAULT NULL COMMENT '종료시간',
  `MTRLS` varchar(255) COLLATE utf8_unicode_ci DEFAULT NULL COMMENT '준비물내용',
  `APRIC` int(11) NOT NULL COMMENT '체험료',
  `ACCNT` text COLLATE utf8_unicode_ci NOT NULL COMMENT '체험소개'
) ENGINE=InnoDB DEFAULT CHARSET=utf8 COLLATE=utf8_unicode_ci COMMENT='공방-공방체험';

--
-- 테이블의 덤프 데이터 `INTR_WSAV`
--

INSERT INTO `INTR_WSAV` (`WSANO`, `MEMNO`, `ACNM`, `MINNO`, `MAXNO`, `ACTDT`, `AVST`, `AVET`, `MTRLS`, `APRIC`, `ACCNT`) VALUES
(1, 4, 'DIY 가구 만들기', 2, 10, '2018-08-23', '12:00:00', '15:00:00', '', 50000, '원하는 디자인의 원목 도마와 스툴을 직접 만들어보세요!!!\r\n원목도마의 경우 목판 선택부터 자유로운 선택이 가능합니다.\r\n스툴의 경우 옵션 사항으로 신청하시고 연락주시면 저희가 상세히 안내해 드리겠습니다 ^^'),
(2, 4, '나만의 책받침 만들기', 2, 8, '2018-08-31', '13:00:00', '17:00:00', '', 30000, '나만의 책받침을 만들어 보세요!\r\n7세 어린이부터 부모 동반 체험이 가능합니다.\r\n아이들과 함께 소중한 추억을 만들어보세요!'),
(3, 4, '수저세트 만들기(2기)', 2, 10, '2018-09-09', '14:00:00', '19:00:00', '', 30000, '수강생 분들의 열화와 같은 성원에 힘입어서 1기에 이어 2기 수강도 열게 되었습니다!!!!\r\n위험한 도구를 만지는 작업이기 때문에 자녀분 동반은 자제해 주시면 감사하겠습니다^^'),
(7, 4, '도자기 체험(중급)', 5, 10, '2018-08-30', '10:00:00', '13:00:00', '', 50000, '도자기 제작 중급반과정입니다. 초급반 수강자만 신청해주세요 ^^'),
(8, 4, '나만의 컵 디자인하기', 6, 12, '2018-09-01', '14:00:00', '17:00:00', '', 25000, '나만의 컵을 디자인해보세요!! 연인과의 데이트로도 안성맞춤!~'),
(9, 4, 'DIY 책장 만들기', 10, 15, '2018-09-03', '15:00:00', '18:00:00', '', 60000, '나만의 책장을 만들어보세요!!!'),
(10, 4, '접이식 테이블 만들기', 5, 15, '2018-09-23', '13:00:00', '17:00:00', '', 35000, '커피 테이블, 장식용으로 안성맞춤!\r\n나만의 테이블을 만들어 거실을 채워보세요!'),
(11, 4, 'DIY 장식집 만들기', 10, 20, '2018-09-30', '13:00:00', '18:00:00', '', 13000, '아이와 함께하는 즐거운 장식집 만들기!! 추억을 쌓아보세요!'),
(12, 4, '가죽공예 지도사 과정(3기)', 6, 13, '2018-09-10', '13:00:00', '16:00:00', '', 55000, '한국 평생교육원과 연계한 가죽공에 지도사과정! 지속적인 부수입! 안정적인 수입 보장! 지금 신청하세요!'),
(13, 4, '가죽 열쇠고리 만들기', 10, 15, '2018-10-01', '14:30:00', '17:30:00', '', 45000, '나만의 열쇠고리를 만들어보세요!'),
(14, 4, '가죽지갑만들기', 6, 12, '2018-09-12', '15:00:00', '17:00:00', '', 50000, '가죽 지갑을 만들어보세요'),
(15, 4, '한지공예(육각함 만들기)', 10, 15, '2018-09-30', '13:00:00', '17:00:00', '풀', 20000, '예쁜 한지로 나만의 육각함을 만들어보세요'),
(16, 4, '칠보공예', 20, 30, '2018-10-01', '09:00:00', '18:00:00', '', 70000, '칠보공예입니다. 나만의 귀걸이, 열쇠고리를 만들어보세요'),
(17, 4, '원석팔찌만들기', 6, 12, '2018-09-10', '13:00:00', '15:00:00', '', 60000, '이쁜 원석팔찌를 만들어보세요'),
(18, 1, 'DIY 가구 만들기', 2, 10, '2018-08-23', '12:00:00', '15:00:00', '', 50000, '원하는 디자인의 원목 도마와 스툴을 직접 만들어보세요!!!\r\n원목도마의 경우 목판 선택부터 자유로운 선택이 가능합니다.\r\n스툴의 경우 옵션 사항으로 신청하시고 연락주시면 저희가 상세히 안내해 드리겠습니다 ^^'),
(19, 1, '나만의 책받침 만들기', 2, 8, '2018-08-31', '13:00:00', '17:00:00', '', 30000, '나만의 책받침을 만들어 보세요!\r\n7세 어린이부터 부모 동반 체험이 가능합니다.\r\n아이들과 함께 소중한 추억을 만들어보세요!'),
(20, 1, '수저세트 만들기(2기)', 2, 10, '2018-09-09', '14:00:00', '19:00:00', '', 30000, '수강생 분들의 열화와 같은 성원에 힘입어서 1기에 이어 2기 수강도 열게 되었습니다!!!!\r\n위험한 도구를 만지는 작업이기 때문에 자녀분 동반은 자제해 주시면 감사하겠습니다^^'),
(21, 1, '도자기 체험(중급)', 5, 10, '2018-08-30', '10:00:00', '13:00:00', '', 50000, '도자기 제작 중급반과정입니다. 초급반 수강자만 신청해주세요 ^^'),
(22, 1, '나만의 컵 디자인하기', 6, 12, '2018-09-01', '14:00:00', '17:00:00', '', 25000, '나만의 컵을 디자인해보세요!! 연인과의 데이트로도 안성맞춤!~'),
(23, 1, 'DIY 책장 만들기', 10, 15, '2018-09-03', '15:00:00', '18:00:00', '', 60000, '나만의 책장을 만들어보세요!!!'),
(24, 1, '접이식 테이블 만들기', 5, 15, '2018-09-23', '13:00:00', '17:00:00', '', 35000, '커피 테이블, 장식용으로 안성맞춤!\r\n나만의 테이블을 만들어 거실을 채워보세요!'),
(25, 1, 'DIY 장식집 만들기', 10, 20, '2018-09-30', '13:00:00', '18:00:00', '', 13000, '아이와 함께하는 즐거운 장식집 만들기!! 추억을 쌓아보세요!'),
(26, 1, '가죽공예 지도사 과정(3기)', 6, 13, '2018-09-10', '13:00:00', '16:00:00', '', 55000, '한국 평생교육원과 연계한 가죽공에 지도사과정! 지속적인 부수입! 안정적인 수입 보장! 지금 신청하세요!'),
(27, 1, '가죽 열쇠고리 만들기', 10, 15, '2018-10-01', '14:30:00', '17:30:00', '', 45000, '나만의 열쇠고리를 만들어보세요!'),
(28, 1, '가죽지갑만들기', 6, 12, '2018-09-12', '15:00:00', '17:00:00', '', 50000, '가죽 지갑을 만들어보세요'),
(29, 1, '한지공예(육각함 만들기)', 10, 15, '2018-09-30', '13:00:00', '17:00:00', '풀', 20000, '예쁜 한지로 나만의 육각함을 만들어보세요'),
(30, 1, '칠보공예', 20, 30, '2018-10-01', '09:00:00', '18:00:00', '', 70000, '칠보공예입니다. 나만의 귀걸이, 열쇠고리를 만들어보세요'),
(31, 1, '원석팔찌만들기', 6, 12, '2018-09-10', '13:00:00', '15:00:00', '', 60000, '이쁜 원석팔찌를 만들어보세요'),
(32, 6, 'DIY 가구 만들기', 2, 10, '2018-08-23', '12:00:00', '15:00:00', '', 50000, '원하는 디자인의 원목 도마와 스툴을 직접 만들어보세요!!!\r\n원목도마의 경우 목판 선택부터 자유로운 선택이 가능합니다.\r\n스툴의 경우 옵션 사항으로 신청하시고 연락주시면 저희가 상세히 안내해 드리겠습니다 ^^'),
(33, 6, '나만의 책받침 만들기', 2, 8, '2018-08-31', '13:00:00', '17:00:00', '', 30000, '나만의 책받침을 만들어 보세요!\r\n7세 어린이부터 부모 동반 체험이 가능합니다.\r\n아이들과 함께 소중한 추억을 만들어보세요!'),
(34, 6, '수저세트 만들기(2기)', 2, 10, '2018-09-09', '14:00:00', '19:00:00', '', 30000, '수강생 분들의 열화와 같은 성원에 힘입어서 1기에 이어 2기 수강도 열게 되었습니다!!!!\r\n위험한 도구를 만지는 작업이기 때문에 자녀분 동반은 자제해 주시면 감사하겠습니다^^'),
(35, 6, '도자기 체험(중급)', 5, 10, '2018-08-30', '10:00:00', '13:00:00', '', 50000, '도자기 제작 중급반과정입니다. 초급반 수강자만 신청해주세요 ^^'),
(36, 6, '나만의 컵 디자인하기', 6, 12, '2018-09-01', '14:00:00', '17:00:00', '', 25000, '나만의 컵을 디자인해보세요!! 연인과의 데이트로도 안성맞춤!~'),
(37, 6, 'DIY 책장 만들기', 10, 15, '2018-09-03', '15:00:00', '18:00:00', '', 60000, '나만의 책장을 만들어보세요!!!'),
(38, 6, '접이식 테이블 만들기', 5, 15, '2018-09-23', '13:00:00', '17:00:00', '', 35000, '커피 테이블, 장식용으로 안성맞춤!\r\n나만의 테이블을 만들어 거실을 채워보세요!'),
(39, 6, 'DIY 장식집 만들기', 10, 20, '2018-09-30', '13:00:00', '18:00:00', '', 13000, '아이와 함께하는 즐거운 장식집 만들기!! 추억을 쌓아보세요!'),
(40, 6, '가죽공예 지도사 과정(3기)', 6, 13, '2018-09-10', '13:00:00', '16:00:00', '', 55000, '한국 평생교육원과 연계한 가죽공에 지도사과정! 지속적인 부수입! 안정적인 수입 보장! 지금 신청하세요!'),
(41, 6, '가죽 열쇠고리 만들기', 10, 15, '2018-10-01', '14:30:00', '17:30:00', '', 45000, '나만의 열쇠고리를 만들어보세요!'),
(42, 6, '가죽지갑만들기', 6, 12, '2018-09-12', '15:00:00', '17:00:00', '', 50000, '가죽 지갑을 만들어보세요'),
(43, 6, '한지공예(육각함 만들기)', 10, 15, '2018-09-30', '13:00:00', '17:00:00', '풀', 20000, '예쁜 한지로 나만의 육각함을 만들어보세요'),
(44, 6, '칠보공예', 20, 30, '2018-10-01', '09:00:00', '18:00:00', '', 70000, '칠보공예입니다. 나만의 귀걸이, 열쇠고리를 만들어보세요'),
(45, 6, '원석팔찌만들기', 6, 12, '2018-09-10', '13:00:00', '15:00:00', '', 60000, '이쁜 원석팔찌를 만들어보세요'),
(46, 2, 'DIY 가구 만들기', 2, 10, '2018-08-23', '12:00:00', '15:00:00', '', 50000, '원하는 디자인의 원목 도마와 스툴을 직접 만들어보세요!!!\r\n원목도마의 경우 목판 선택부터 자유로운 선택이 가능합니다.\r\n스툴의 경우 옵션 사항으로 신청하시고 연락주시면 저희가 상세히 안내해 드리겠습니다 ^^'),
(47, 2, '나만의 책받침 만들기', 2, 8, '2018-08-31', '13:00:00', '17:00:00', '', 30000, '나만의 책받침을 만들어 보세요!\r\n7세 어린이부터 부모 동반 체험이 가능합니다.\r\n아이들과 함께 소중한 추억을 만들어보세요!'),
(48, 2, '수저세트 만들기(2기)', 2, 10, '2018-09-09', '14:00:00', '19:00:00', '', 30000, '수강생 분들의 열화와 같은 성원에 힘입어서 1기에 이어 2기 수강도 열게 되었습니다!!!!\r\n위험한 도구를 만지는 작업이기 때문에 자녀분 동반은 자제해 주시면 감사하겠습니다^^'),
(49, 2, '도자기 체험(중급)', 5, 10, '2018-08-30', '10:00:00', '13:00:00', '', 50000, '도자기 제작 중급반과정입니다. 초급반 수강자만 신청해주세요 ^^'),
(50, 2, '나만의 컵 디자인하기', 6, 12, '2018-09-01', '14:00:00', '17:00:00', '', 25000, '나만의 컵을 디자인해보세요!! 연인과의 데이트로도 안성맞춤!~'),
(51, 2, 'DIY 책장 만들기', 10, 15, '2018-09-03', '15:00:00', '18:00:00', '', 60000, '나만의 책장을 만들어보세요!!!'),
(52, 2, '접이식 테이블 만들기', 5, 15, '2018-09-23', '13:00:00', '17:00:00', '', 35000, '커피 테이블, 장식용으로 안성맞춤!\r\n나만의 테이블을 만들어 거실을 채워보세요!'),
(53, 2, 'DIY 장식집 만들기', 10, 20, '2018-09-30', '13:00:00', '18:00:00', '', 13000, '아이와 함께하는 즐거운 장식집 만들기!! 추억을 쌓아보세요!'),
(54, 2, '가죽공예 지도사 과정(3기)', 6, 13, '2018-09-10', '13:00:00', '16:00:00', '', 55000, '한국 평생교육원과 연계한 가죽공에 지도사과정! 지속적인 부수입! 안정적인 수입 보장! 지금 신청하세요!'),
(55, 2, '가죽 열쇠고리 만들기', 10, 15, '2018-10-01', '14:30:00', '17:30:00', '', 45000, '나만의 열쇠고리를 만들어보세요!'),
(56, 2, '가죽지갑만들기', 6, 12, '2018-09-12', '15:00:00', '17:00:00', '', 50000, '가죽 지갑을 만들어보세요'),
(57, 2, '한지공예(육각함 만들기)', 10, 15, '2018-09-30', '13:00:00', '17:00:00', '풀', 20000, '예쁜 한지로 나만의 육각함을 만들어보세요'),
(58, 2, '칠보공예', 20, 30, '2018-10-01', '09:00:00', '18:00:00', '', 70000, '칠보공예입니다. 나만의 귀걸이, 열쇠고리를 만들어보세요'),
(59, 2, '원석팔찌만들기', 6, 12, '2018-09-10', '13:00:00', '15:00:00', '', 60000, '이쁜 원석팔찌를 만들어보세요'),
(60, 3, 'DIY 가구 만들기', 2, 10, '2018-08-23', '12:00:00', '15:00:00', '', 50000, '원하는 디자인의 원목 도마와 스툴을 직접 만들어보세요!!!\r\n원목도마의 경우 목판 선택부터 자유로운 선택이 가능합니다.\r\n스툴의 경우 옵션 사항으로 신청하시고 연락주시면 저희가 상세히 안내해 드리겠습니다 ^^'),
(61, 3, '나만의 책받침 만들기', 2, 8, '2018-08-31', '13:00:00', '17:00:00', '', 30000, '나만의 책받침을 만들어 보세요!\r\n7세 어린이부터 부모 동반 체험이 가능합니다.\r\n아이들과 함께 소중한 추억을 만들어보세요!'),
(62, 3, '수저세트 만들기(2기)', 2, 10, '2018-09-09', '14:00:00', '19:00:00', '', 30000, '수강생 분들의 열화와 같은 성원에 힘입어서 1기에 이어 2기 수강도 열게 되었습니다!!!!\r\n위험한 도구를 만지는 작업이기 때문에 자녀분 동반은 자제해 주시면 감사하겠습니다^^'),
(63, 3, '도자기 체험(중급)', 5, 10, '2018-08-30', '10:00:00', '13:00:00', '', 50000, '도자기 제작 중급반과정입니다. 초급반 수강자만 신청해주세요 ^^'),
(64, 3, '나만의 컵 디자인하기', 6, 12, '2018-09-01', '14:00:00', '17:00:00', '', 25000, '나만의 컵을 디자인해보세요!! 연인과의 데이트로도 안성맞춤!~'),
(65, 3, 'DIY 책장 만들기', 10, 15, '2018-09-03', '15:00:00', '18:00:00', '', 60000, '나만의 책장을 만들어보세요!!!'),
(66, 3, '접이식 테이블 만들기', 5, 15, '2018-09-23', '13:00:00', '17:00:00', '', 35000, '커피 테이블, 장식용으로 안성맞춤!\r\n나만의 테이블을 만들어 거실을 채워보세요!'),
(67, 3, 'DIY 장식집 만들기', 10, 20, '2018-09-30', '13:00:00', '18:00:00', '', 13000, '아이와 함께하는 즐거운 장식집 만들기!! 추억을 쌓아보세요!'),
(68, 3, '가죽공예 지도사 과정(3기)', 6, 13, '2018-09-10', '13:00:00', '16:00:00', '', 55000, '한국 평생교육원과 연계한 가죽공에 지도사과정! 지속적인 부수입! 안정적인 수입 보장! 지금 신청하세요!'),
(69, 3, '가죽 열쇠고리 만들기', 10, 15, '2018-10-01', '14:30:00', '17:30:00', '', 45000, '나만의 열쇠고리를 만들어보세요!'),
(70, 3, '가죽지갑만들기', 6, 12, '2018-09-12', '15:00:00', '17:00:00', '', 50000, '가죽 지갑을 만들어보세요'),
(71, 3, '한지공예(육각함 만들기)', 10, 15, '2018-09-30', '13:00:00', '17:00:00', '풀', 20000, '예쁜 한지로 나만의 육각함을 만들어보세요'),
(72, 3, '칠보공예', 20, 30, '2018-10-01', '09:00:00', '18:00:00', '', 70000, '칠보공예입니다. 나만의 귀걸이, 열쇠고리를 만들어보세요'),
(73, 3, '원석팔찌만들기', 6, 12, '2018-09-10', '13:00:00', '15:00:00', '', 60000, '이쁜 원석팔찌를 만들어보세요'),
(74, 5, 'DIY 가구 만들기', 2, 10, '2018-08-23', '12:00:00', '15:00:00', '', 50000, '원하는 디자인의 원목 도마와 스툴을 직접 만들어보세요!!!\r\n원목도마의 경우 목판 선택부터 자유로운 선택이 가능합니다.\r\n스툴의 경우 옵션 사항으로 신청하시고 연락주시면 저희가 상세히 안내해 드리겠습니다 ^^'),
(75, 5, '나만의 책받침 만들기', 2, 8, '2018-08-31', '13:00:00', '17:00:00', '', 30000, '나만의 책받침을 만들어 보세요!\r\n7세 어린이부터 부모 동반 체험이 가능합니다.\r\n아이들과 함께 소중한 추억을 만들어보세요!'),
(76, 5, '수저세트 만들기(2기)', 2, 10, '2018-09-09', '14:00:00', '19:00:00', '', 30000, '수강생 분들의 열화와 같은 성원에 힘입어서 1기에 이어 2기 수강도 열게 되었습니다!!!!\r\n위험한 도구를 만지는 작업이기 때문에 자녀분 동반은 자제해 주시면 감사하겠습니다^^'),
(77, 5, '도자기 체험(중급)', 5, 10, '2018-08-30', '10:00:00', '13:00:00', '', 50000, '도자기 제작 중급반과정입니다. 초급반 수강자만 신청해주세요 ^^'),
(78, 5, '나만의 컵 디자인하기', 6, 12, '2018-09-01', '14:00:00', '17:00:00', '', 25000, '나만의 컵을 디자인해보세요!! 연인과의 데이트로도 안성맞춤!~'),
(79, 5, 'DIY 책장 만들기', 10, 15, '2018-09-03', '15:00:00', '18:00:00', '', 60000, '나만의 책장을 만들어보세요!!!'),
(80, 5, '접이식 테이블 만들기', 5, 15, '2018-09-23', '13:00:00', '17:00:00', '', 35000, '커피 테이블, 장식용으로 안성맞춤!\r\n나만의 테이블을 만들어 거실을 채워보세요!'),
(81, 5, 'DIY 장식집 만들기', 10, 20, '2018-09-30', '13:00:00', '18:00:00', '', 13000, '아이와 함께하는 즐거운 장식집 만들기!! 추억을 쌓아보세요!'),
(82, 5, '가죽공예 지도사 과정(3기)', 6, 13, '2018-09-10', '13:00:00', '16:00:00', '', 55000, '한국 평생교육원과 연계한 가죽공에 지도사과정! 지속적인 부수입! 안정적인 수입 보장! 지금 신청하세요!'),
(83, 5, '가죽 열쇠고리 만들기', 10, 15, '2018-10-01', '14:30:00', '17:30:00', '', 45000, '나만의 열쇠고리를 만들어보세요!'),
(84, 5, '가죽지갑만들기', 6, 12, '2018-09-12', '15:00:00', '17:00:00', '', 50000, '가죽 지갑을 만들어보세요'),
(85, 5, '한지공예(육각함 만들기)', 10, 15, '2018-09-30', '13:00:00', '17:00:00', '풀', 20000, '예쁜 한지로 나만의 육각함을 만들어보세요'),
(86, 5, '칠보공예', 20, 30, '2018-10-01', '09:00:00', '18:00:00', '', 70000, '칠보공예입니다. 나만의 귀걸이, 열쇠고리를 만들어보세요'),
(87, 5, '원석팔찌만들기', 6, 12, '2018-09-10', '13:00:00', '15:00:00', '', 60000, '이쁜 원석팔찌를 만들어보세요'),
(88, 51, 'DIY 원목으로 생활도구 만들기', 4, 10, '2018-08-25', '09:00:00', '16:00:00', '필요 없음', 30000, '원목을 직접 다듬고 디자인하여 실생활에서 쓸 수 있는 원목 도구를 만들어 보실 수 있습니다.');

-- --------------------------------------------------------

--
-- 테이블 구조 `INTR_WSPHO`
--

CREATE TABLE `INTR_WSPHO` (
  `WSPNO` int(11) NOT NULL COMMENT '공방사진번호',
  `MEMNO` int(11) DEFAULT NULL COMMENT '공방번호',
  `PCLSF` varchar(25) COLLATE utf8_unicode_ci DEFAULT NULL COMMENT '사진구분(커버/소개/main/홍보이미지)',
  `PATH` varchar(255) COLLATE utf8_unicode_ci DEFAULT NULL COMMENT '사진',
  `LPATH` varchar(255) COLLATE utf8_unicode_ci DEFAULT NULL COMMENT '로고사진'
) ENGINE=InnoDB DEFAULT CHARSET=utf8 COLLATE=utf8_unicode_ci COMMENT='공방사진';

--
-- 테이블의 덤프 데이터 `INTR_WSPHO`
--

INSERT INTO `INTR_WSPHO` (`WSPNO`, `MEMNO`, `PCLSF`, `PATH`, `LPATH`) VALUES
(55, 4, 'profile', 'a1f1b360-0014-410a-bdc3-1efd0b463f03', '798f4333-e003-408e-bdb5-26d01e453b4e'),
(57, 3, 'profile', 'af13d170-bdde-45dc-abbf-ab2744d7eadc', '2d886ab4-abe1-46fb-8637-e16be54abe38'),
(58, 5, 'profile', '9a57ded1-65ab-41c0-8752-a89e19b8189b', '47783762-3ae8-4fb2-85f3-4d411d188fba'),
(60, 37, 'profile', 'b2c955ea-1f8e-4aab-93d1-6dbcb4c406c5', '798f4333-e003-408e-bdb5-26d01e453b4e'),
(61, 38, 'profile', '059680a6-3d33-42dd-a0e8-542f85ef847f', '552984e6-d904-4318-bdde-45c911843f78'),
(62, 39, 'profile', 'df7db8c1-08ec-4ffb-9629-ee016e2fd9ff', '73df3877-549a-4747-893e-1def212a29c7'),
(63, 40, 'profile', 'cc4d7526-0ae0-463d-99f0-1a62a9d33b9b', '0de0336a-b8ed-4e05-9d02-beb5ee077cd1'),
(64, 41, 'profile', '98b614f5-c345-49fc-8e67-7d2ce11b1c99', 'fd7f7dbb-5c76-4df2-828a-acdbb89b1b7c'),
(66, 42, 'profile', '93b9ed1d-97a2-4430-b915-2b022a2f32ce', '98faea99-f6ba-4b0e-8995-71c3990c01cf'),
(67, 43, 'profile', '0dc487e1-2222-4e74-947b-e6e60e1c4116', '7141f055-07a2-4cd4-beaa-eee2bcf7454b'),
(68, 44, 'profile', '67253997-0076-41a3-a386-b27e697ec318', 'f60f4910-cd2a-4a7b-8867-0ed8e67376ed'),
(69, 45, 'profile', '1b8418c5-3bba-4acb-be23-72149e125641', '32505396-59e4-47c9-9001-a953b241044c'),
(70, 51, 'profile', '4d90c4e7-3e51-438e-b37c-3e9cd50b96af', '350e6e99-2903-499b-86e9-af6223b355d9');

-- --------------------------------------------------------

--
-- 테이블 구조 `INTR_WTMACH`
--

CREATE TABLE `INTR_WTMACH` (
  `WNO` int(11) NOT NULL COMMENT '작품번호',
  `HTNO` int(11) NOT NULL COMMENT '해시태그번호'
) ENGINE=InnoDB DEFAULT CHARSET=utf8 COLLATE=utf8_unicode_ci COMMENT='작품태그매칭';

--
-- 테이블의 덤프 데이터 `INTR_WTMACH`
--

INSERT INTO `INTR_WTMACH` (`WNO`, `HTNO`) VALUES
(51, 5),
(69, 5),
(70, 5),
(71, 5),
(72, 5),
(73, 5),
(74, 5),
(75, 5),
(52, 6),
(53, 6),
(54, 6),
(55, 6),
(56, 6),
(57, 6),
(58, 6),
(59, 6),
(32, 7),
(36, 7),
(48, 7),
(50, 7),
(84, 7),
(85, 7),
(86, 7),
(87, 7),
(60, 8),
(61, 8),
(62, 8),
(63, 8),
(64, 8),
(65, 8),
(66, 8),
(67, 8),
(23, 12),
(25, 12),
(32, 12),
(1, 13),
(23, 13),
(25, 13),
(27, 13),
(28, 13),
(29, 13),
(30, 13),
(32, 13),
(49, 13),
(69, 13),
(34, 14),
(35, 14),
(37, 14),
(57, 14),
(59, 14),
(60, 14),
(61, 14),
(62, 14),
(63, 14),
(64, 14),
(65, 14),
(66, 14),
(67, 14),
(87, 14),
(26, 15),
(36, 15),
(40, 17),
(25, 18),
(31, 18),
(33, 18),
(27, 21),
(28, 21),
(50, 21),
(69, 21),
(49, 22),
(50, 22),
(29, 23),
(40, 23),
(1, 24),
(32, 24),
(23, 25),
(41, 25),
(73, 27),
(87, 28),
(28, 34),
(44, 34),
(45, 34),
(46, 34),
(47, 34),
(49, 34),
(1, 39),
(1, 40),
(1, 41),
(36, 43),
(52, 43),
(58, 43),
(59, 43),
(30, 47),
(33, 47),
(43, 47),
(36, 52),
(6, 59),
(10, 59),
(38, 59),
(6, 60),
(10, 60),
(10, 64),
(26, 65),
(23, 66),
(23, 67),
(23, 68),
(25, 69),
(32, 69),
(29, 71),
(30, 71),
(31, 71),
(32, 71),
(45, 71),
(88, 71),
(89, 71),
(25, 72),
(25, 74),
(27, 81),
(28, 81),
(50, 81),
(27, 82),
(29, 82),
(27, 83),
(28, 83),
(30, 83),
(38, 83),
(43, 83),
(89, 83),
(28, 84),
(28, 85),
(29, 86),
(29, 87),
(29, 88),
(30, 89),
(49, 90),
(31, 91),
(31, 92),
(42, 92),
(45, 92),
(31, 93),
(45, 93),
(32, 95),
(32, 96),
(49, 96),
(50, 96),
(88, 96),
(33, 98),
(34, 104),
(34, 105),
(35, 106),
(37, 106),
(60, 106),
(61, 106),
(66, 106),
(67, 106),
(35, 107),
(37, 107),
(36, 111),
(48, 111),
(51, 111),
(36, 112),
(50, 112),
(36, 113),
(51, 113),
(76, 115),
(77, 115),
(78, 115),
(79, 115),
(80, 115),
(81, 115),
(82, 115),
(83, 115),
(38, 125),
(38, 126),
(39, 127),
(68, 127),
(41, 128),
(41, 129),
(42, 130),
(43, 130),
(69, 130),
(42, 131),
(43, 131),
(43, 132),
(44, 133),
(44, 134),
(44, 135),
(44, 136),
(46, 137),
(47, 137),
(46, 138),
(47, 139),
(47, 140),
(48, 141),
(49, 142),
(50, 143),
(77, 147),
(82, 148),
(57, 156),
(87, 156),
(52, 159),
(52, 160),
(61, 161),
(53, 165),
(54, 166),
(55, 167),
(56, 168),
(58, 168),
(62, 170),
(63, 170),
(64, 170),
(65, 170),
(64, 171),
(67, 172),
(70, 173),
(70, 174),
(71, 175),
(72, 176),
(73, 177),
(74, 178),
(84, 178),
(74, 179),
(75, 180),
(77, 181),
(78, 182),
(79, 183),
(80, 184),
(81, 185),
(83, 186),
(83, 187),
(85, 188),
(86, 189);

--
-- 덤프된 테이블의 인덱스
--

--
-- 테이블의 인덱스 `INTR_ACRGTT`
--
ALTER TABLE `INTR_ACRGTT`
  ADD PRIMARY KEY (`MEMNO`,`WSANO`),
  ADD KEY `FK_INTR_WSAV_TO_INTR_ACRGTT` (`WSANO`);

--
-- 테이블의 인덱스 `INTR_BCMMT`
--
ALTER TABLE `INTR_BCMMT`
  ADD PRIMARY KEY (`CNO`),
  ADD KEY `FK_INTR_BOARD_TO_INTR_BCMMT` (`BNO`),
  ADD KEY `FK_INTR_MEMBER_TO_INTR_BCMMT` (`MEMNO`);

--
-- 테이블의 인덱스 `INTR_BOARD`
--
ALTER TABLE `INTR_BOARD`
  ADD PRIMARY KEY (`BNO`),
  ADD KEY `FK_INTR_MEMBER_TO_INTR_BOARD` (`MEMNO`);

--
-- 테이블의 인덱스 `INTR_BRLK`
--
ALTER TABLE `INTR_BRLK`
  ADD PRIMARY KEY (`LNO`),
  ADD KEY `BNO` (`BNO`);

--
-- 테이블의 인덱스 `INTR_BTMACH`
--
ALTER TABLE `INTR_BTMACH`
  ADD PRIMARY KEY (`HTNO`,`BNO`),
  ADD KEY `FK_INTR_BOARD_TO_INTR_BTMACH` (`BNO`);

--
-- 테이블의 인덱스 `INTR_HASHTAG`
--
ALTER TABLE `INTR_HASHTAG`
  ADD PRIMARY KEY (`HTNO`),
  ADD KEY `IX_INTR_HASHTAG` (`TNAME`);

--
-- 테이블의 인덱스 `INTR_LKMB`
--
ALTER TABLE `INTR_LKMB`
  ADD PRIMARY KEY (`LNO`),
  ADD KEY `FK_INTR_BOARD_TO_INTR_LKMB` (`BNO`),
  ADD KEY `FK_INTR_MEMBER_TO_INTR_LKMB` (`MEMNO`);

--
-- 테이블의 인덱스 `INTR_MEMBER`
--
ALTER TABLE `INTR_MEMBER`
  ADD PRIMARY KEY (`MEMNO`),
  ADD UNIQUE KEY `UIX_INTR_MEMBER` (`ID`),
  ADD KEY `IX_INTR_MEMBER` (`NKNM`);

--
-- 테이블의 인덱스 `INTR_ODNWK`
--
ALTER TABLE `INTR_ODNWK`
  ADD PRIMARY KEY (`WONO`),
  ADD KEY `IX_INTR_ODNWK` (`WONO`,`ODNO`,`WNO`),
  ADD KEY `FK_INTR_ORDER_TO_INTR_ODNWK` (`ODNO`),
  ADD KEY `FK_INTR_WORKS_TO_INTR_ODNWK` (`WNO`);

--
-- 테이블의 인덱스 `INTR_ORDER`
--
ALTER TABLE `INTR_ORDER`
  ADD PRIMARY KEY (`ODNO`),
  ADD KEY `IX_INTR_ORDER` (`ODSTT`),
  ADD KEY `FK_INTR_MEMBER_TO_INTR_ORDER` (`MEMNO`);

--
-- 테이블의 인덱스 `INTR_QNA`
--
ALTER TABLE `INTR_QNA`
  ADD PRIMARY KEY (`QNO`),
  ADD KEY `FK_INTR_MEMBER_TO_INTR_QNA` (`MEMNO`),
  ADD KEY `FK_INTR_WORKS_TO_INTR_QNA` (`WNO`),
  ADD KEY `FK_INTR_WRKSHP_TO_INTR_QNA` (`MEMNO2`);

--
-- 테이블의 인덱스 `INTR_RLTSP`
--
ALTER TABLE `INTR_RLTSP`
  ADD PRIMARY KEY (`MEMNO`,`MEMNO2`),
  ADD KEY `FK_INTR_MEMBER_TO_INTR_RLTSP` (`MEMNO2`);

--
-- 테이블의 인덱스 `INTR_RVPHO`
--
ALTER TABLE `INTR_RVPHO`
  ADD PRIMARY KEY (`RVPNO`),
  ADD KEY `FK_INTR_ODNWK_TO_INTR_RVPHO` (`WONO`);

--
-- 테이블의 인덱스 `INTR_SPBK`
--
ALTER TABLE `INTR_SPBK`
  ADD PRIMARY KEY (`WNO`,`MEMNO`),
  ADD KEY `FK_INTR_MEMBER_TO_INTR_SPBK` (`MEMNO`);

--
-- 테이블의 인덱스 `INTR_STMACH`
--
ALTER TABLE `INTR_STMACH`
  ADD PRIMARY KEY (`MEMNO`,`HTNO`),
  ADD KEY `FK_INTR_HASHTAG_TO_INTR_STMACH` (`HTNO`);

--
-- 테이블의 인덱스 `INTR_WKACP`
--
ALTER TABLE `INTR_WKACP`
  ADD PRIMARY KEY (`ACPNO`),
  ADD KEY `FK_INTR_WSAV_TO_INTR_WKACP` (`WSANO`);

--
-- 테이블의 인덱스 `INTR_WKOT`
--
ALTER TABLE `INTR_WKOT`
  ADD PRIMARY KEY (`OPNO`),
  ADD KEY `FK_INTR_WORKS_TO_INTR_WKOT` (`WNO`);

--
-- 테이블의 인덱스 `INTR_WORKS`
--
ALTER TABLE `INTR_WORKS`
  ADD PRIMARY KEY (`WNO`),
  ADD KEY `IX_INTR_WORKS` (`WTITL`,`SLST`,`WRTDT`),
  ADD KEY `FK_INTR_WRKSHP_TO_INTR_WORKS` (`MEMNO`);

--
-- 테이블의 인덱스 `INTR_WPHO`
--
ALTER TABLE `INTR_WPHO`
  ADD PRIMARY KEY (`WPNO`),
  ADD KEY `FK_INTR_WORKS_TO_INTR_WPHO` (`WNO`);

--
-- 테이블의 인덱스 `INTR_WRKSHP`
--
ALTER TABLE `INTR_WRKSHP`
  ADD PRIMARY KEY (`MEMNO`),
  ADD UNIQUE KEY `UIX_INTR_WRKSHP` (`BSNO`),
  ADD KEY `IX_INTR_WRKSHP` (`WSNM`,`MEMNO`);

--
-- 테이블의 인덱스 `INTR_WSAV`
--
ALTER TABLE `INTR_WSAV`
  ADD PRIMARY KEY (`WSANO`),
  ADD KEY `IX_INTR_WSAV` (`ACNM`),
  ADD KEY `FK_INTR_WRKSHP_TO_INTR_WSAV` (`MEMNO`);

--
-- 테이블의 인덱스 `INTR_WSPHO`
--
ALTER TABLE `INTR_WSPHO`
  ADD PRIMARY KEY (`WSPNO`),
  ADD KEY `FK_INTR_WRKSHP_TO_INTR_WSPHO` (`MEMNO`);

--
-- 테이블의 인덱스 `INTR_WTMACH`
--
ALTER TABLE `INTR_WTMACH`
  ADD PRIMARY KEY (`WNO`,`HTNO`),
  ADD KEY `FK_INTR_HASHTAG_TO_INTR_WTMACH` (`HTNO`);

--
-- 덤프된 테이블의 AUTO_INCREMENT
--

--
-- 테이블의 AUTO_INCREMENT `INTR_BCMMT`
--
ALTER TABLE `INTR_BCMMT`
  MODIFY `CNO` int(11) NOT NULL AUTO_INCREMENT COMMENT '댓글번호', AUTO_INCREMENT=8;

--
-- 테이블의 AUTO_INCREMENT `INTR_BOARD`
--
ALTER TABLE `INTR_BOARD`
  MODIFY `BNO` int(11) NOT NULL AUTO_INCREMENT COMMENT '게시물번호', AUTO_INCREMENT=313;

--
-- 테이블의 AUTO_INCREMENT `INTR_BRLK`
--
ALTER TABLE `INTR_BRLK`
  MODIFY `LNO` int(11) NOT NULL AUTO_INCREMENT, AUTO_INCREMENT=21;

--
-- 테이블의 AUTO_INCREMENT `INTR_HASHTAG`
--
ALTER TABLE `INTR_HASHTAG`
  MODIFY `HTNO` int(11) NOT NULL AUTO_INCREMENT COMMENT '해시태그번호', AUTO_INCREMENT=195;

--
-- 테이블의 AUTO_INCREMENT `INTR_LKMB`
--
ALTER TABLE `INTR_LKMB`
  MODIFY `LNO` int(11) NOT NULL AUTO_INCREMENT COMMENT '좋아요번호', AUTO_INCREMENT=25;

--
-- 테이블의 AUTO_INCREMENT `INTR_MEMBER`
--
ALTER TABLE `INTR_MEMBER`
  MODIFY `MEMNO` int(11) NOT NULL AUTO_INCREMENT COMMENT '회원번호', AUTO_INCREMENT=52;

--
-- 테이블의 AUTO_INCREMENT `INTR_ODNWK`
--
ALTER TABLE `INTR_ODNWK`
  MODIFY `WONO` int(11) NOT NULL AUTO_INCREMENT COMMENT '작품주문번호', AUTO_INCREMENT=61;

--
-- 테이블의 AUTO_INCREMENT `INTR_QNA`
--
ALTER TABLE `INTR_QNA`
  MODIFY `QNO` int(11) NOT NULL AUTO_INCREMENT COMMENT '문의번호';

--
-- 테이블의 AUTO_INCREMENT `INTR_RVPHO`
--
ALTER TABLE `INTR_RVPHO`
  MODIFY `RVPNO` int(11) NOT NULL AUTO_INCREMENT COMMENT '사진번호', AUTO_INCREMENT=27;

--
-- 테이블의 AUTO_INCREMENT `INTR_WKACP`
--
ALTER TABLE `INTR_WKACP`
  MODIFY `ACPNO` int(11) NOT NULL AUTO_INCREMENT COMMENT '사진번호', AUTO_INCREMENT=337;

--
-- 테이블의 AUTO_INCREMENT `INTR_WKOT`
--
ALTER TABLE `INTR_WKOT`
  MODIFY `OPNO` int(11) NOT NULL AUTO_INCREMENT COMMENT '옵션번호', AUTO_INCREMENT=73;

--
-- 테이블의 AUTO_INCREMENT `INTR_WORKS`
--
ALTER TABLE `INTR_WORKS`
  MODIFY `WNO` int(11) NOT NULL AUTO_INCREMENT COMMENT '작품번호', AUTO_INCREMENT=91;

--
-- 테이블의 AUTO_INCREMENT `INTR_WPHO`
--
ALTER TABLE `INTR_WPHO`
  MODIFY `WPNO` int(11) NOT NULL AUTO_INCREMENT COMMENT '사진번호', AUTO_INCREMENT=368;

--
-- 테이블의 AUTO_INCREMENT `INTR_WRKSHP`
--
ALTER TABLE `INTR_WRKSHP`
  MODIFY `MEMNO` int(11) NOT NULL AUTO_INCREMENT COMMENT '공방번호', AUTO_INCREMENT=52;

--
-- 테이블의 AUTO_INCREMENT `INTR_WSAV`
--
ALTER TABLE `INTR_WSAV`
  MODIFY `WSANO` int(11) NOT NULL AUTO_INCREMENT COMMENT '공방체험번호', AUTO_INCREMENT=89;

--
-- 테이블의 AUTO_INCREMENT `INTR_WSPHO`
--
ALTER TABLE `INTR_WSPHO`
  MODIFY `WSPNO` int(11) NOT NULL AUTO_INCREMENT COMMENT '공방사진번호', AUTO_INCREMENT=74;

--
-- 덤프된 테이블의 제약사항
--

--
-- 테이블의 제약사항 `INTR_ACRGTT`
--
ALTER TABLE `INTR_ACRGTT`
  ADD CONSTRAINT `FK_INTR_MEMBER_TO_INTR_ACRGTT` FOREIGN KEY (`MEMNO`) REFERENCES `INTR_MEMBER` (`MEMNO`),
  ADD CONSTRAINT `FK_INTR_WSAV_TO_INTR_ACRGTT` FOREIGN KEY (`WSANO`) REFERENCES `INTR_WSAV` (`WSANO`);

--
-- 테이블의 제약사항 `INTR_BCMMT`
--
ALTER TABLE `INTR_BCMMT`
  ADD CONSTRAINT `FK_INTR_BOARD_TO_INTR_BCMMT` FOREIGN KEY (`BNO`) REFERENCES `INTR_BOARD` (`BNO`),
  ADD CONSTRAINT `FK_INTR_MEMBER_TO_INTR_BCMMT` FOREIGN KEY (`MEMNO`) REFERENCES `INTR_MEMBER` (`MEMNO`);

--
-- 테이블의 제약사항 `INTR_BRLK`
--
ALTER TABLE `INTR_BRLK`
  ADD CONSTRAINT `BNO` FOREIGN KEY (`BNO`) REFERENCES `INTR_BOARD` (`BNO`);

--
-- 테이블의 제약사항 `INTR_BTMACH`
--
ALTER TABLE `INTR_BTMACH`
  ADD CONSTRAINT `FK_INTR_BOARD_TO_INTR_BTMACH` FOREIGN KEY (`BNO`) REFERENCES `INTR_BOARD` (`BNO`),
  ADD CONSTRAINT `FK_INTR_HASHTAG_TO_INTR_BTMACH` FOREIGN KEY (`HTNO`) REFERENCES `INTR_HASHTAG` (`HTNO`);

--
-- 테이블의 제약사항 `INTR_LKMB`
--
ALTER TABLE `INTR_LKMB`
  ADD CONSTRAINT `FK_INTR_BOARD_TO_INTR_LKMB` FOREIGN KEY (`BNO`) REFERENCES `INTR_BOARD` (`BNO`),
  ADD CONSTRAINT `FK_INTR_MEMBER_TO_INTR_LKMB` FOREIGN KEY (`MEMNO`) REFERENCES `INTR_MEMBER` (`MEMNO`);

--
-- 테이블의 제약사항 `INTR_ODNWK`
--
ALTER TABLE `INTR_ODNWK`
  ADD CONSTRAINT `FK_INTR_ORDER_TO_INTR_ODNWK` FOREIGN KEY (`ODNO`) REFERENCES `INTR_ORDER` (`ODNO`),
  ADD CONSTRAINT `FK_INTR_WORKS_TO_INTR_ODNWK` FOREIGN KEY (`WNO`) REFERENCES `INTR_WORKS` (`WNO`);

--
-- 테이블의 제약사항 `INTR_ORDER`
--
ALTER TABLE `INTR_ORDER`
  ADD CONSTRAINT `FK_INTR_MEMBER_TO_INTR_ORDER` FOREIGN KEY (`MEMNO`) REFERENCES `INTR_MEMBER` (`MEMNO`);

--
-- 테이블의 제약사항 `INTR_QNA`
--
ALTER TABLE `INTR_QNA`
  ADD CONSTRAINT `FK_INTR_MEMBER_TO_INTR_QNA` FOREIGN KEY (`MEMNO`) REFERENCES `INTR_MEMBER` (`MEMNO`),
  ADD CONSTRAINT `FK_INTR_WORKS_TO_INTR_QNA` FOREIGN KEY (`WNO`) REFERENCES `INTR_WORKS` (`WNO`),
  ADD CONSTRAINT `FK_INTR_WRKSHP_TO_INTR_QNA` FOREIGN KEY (`MEMNO2`) REFERENCES `INTR_WRKSHP` (`MEMNO`);

--
-- 테이블의 제약사항 `INTR_RLTSP`
--
ALTER TABLE `INTR_RLTSP`
  ADD CONSTRAINT `FK_INTR_MEMBER_TO_INTR_RLTSP` FOREIGN KEY (`MEMNO2`) REFERENCES `INTR_MEMBER` (`MEMNO`),
  ADD CONSTRAINT `FK_INTR_MEMBER_TO_INTR_RLTSP2` FOREIGN KEY (`MEMNO`) REFERENCES `INTR_MEMBER` (`MEMNO`);

--
-- 테이블의 제약사항 `INTR_RVPHO`
--
ALTER TABLE `INTR_RVPHO`
  ADD CONSTRAINT `FK_INTR_ODNWK_TO_INTR_RVPHO` FOREIGN KEY (`WONO`) REFERENCES `INTR_ODNWK` (`WONO`);

--
-- 테이블의 제약사항 `INTR_SPBK`
--
ALTER TABLE `INTR_SPBK`
  ADD CONSTRAINT `FK_INTR_MEMBER_TO_INTR_SPBK` FOREIGN KEY (`MEMNO`) REFERENCES `INTR_MEMBER` (`MEMNO`),
  ADD CONSTRAINT `FK_INTR_WORKS_TO_INTR_SPBK` FOREIGN KEY (`WNO`) REFERENCES `INTR_WORKS` (`WNO`);

--
-- 테이블의 제약사항 `INTR_STMACH`
--
ALTER TABLE `INTR_STMACH`
  ADD CONSTRAINT `FK_INTR_HASHTAG_TO_INTR_STMACH` FOREIGN KEY (`HTNO`) REFERENCES `INTR_HASHTAG` (`HTNO`),
  ADD CONSTRAINT `FK_INTR_WRKSHP_TO_INTR_STMACH` FOREIGN KEY (`MEMNO`) REFERENCES `INTR_WRKSHP` (`MEMNO`);

--
-- 테이블의 제약사항 `INTR_WKACP`
--
ALTER TABLE `INTR_WKACP`
  ADD CONSTRAINT `FK_INTR_WSAV_TO_INTR_WKACP` FOREIGN KEY (`WSANO`) REFERENCES `INTR_WSAV` (`WSANO`);

--
-- 테이블의 제약사항 `INTR_WKOT`
--
ALTER TABLE `INTR_WKOT`
  ADD CONSTRAINT `FK_INTR_WORKS_TO_INTR_WKOT` FOREIGN KEY (`WNO`) REFERENCES `INTR_WORKS` (`WNO`);

--
-- 테이블의 제약사항 `INTR_WORKS`
--
ALTER TABLE `INTR_WORKS`
  ADD CONSTRAINT `FK_INTR_WRKSHP_TO_INTR_WORKS` FOREIGN KEY (`MEMNO`) REFERENCES `INTR_WRKSHP` (`MEMNO`);

--
-- 테이블의 제약사항 `INTR_WPHO`
--
ALTER TABLE `INTR_WPHO`
  ADD CONSTRAINT `FK_INTR_WORKS_TO_INTR_WPHO` FOREIGN KEY (`WNO`) REFERENCES `INTR_WORKS` (`WNO`);

--
-- 테이블의 제약사항 `INTR_WRKSHP`
--
ALTER TABLE `INTR_WRKSHP`
  ADD CONSTRAINT `FK_INTR_MEMBER_TO_INTR_WRKSHP` FOREIGN KEY (`MEMNO`) REFERENCES `INTR_MEMBER` (`MEMNO`);

--
-- 테이블의 제약사항 `INTR_WSPHO`
--
ALTER TABLE `INTR_WSPHO`
  ADD CONSTRAINT `FK_INTR_WRKSHP_TO_INTR_WSPHO` FOREIGN KEY (`MEMNO`) REFERENCES `INTR_WRKSHP` (`MEMNO`);

--
-- 테이블의 제약사항 `INTR_WTMACH`
--
ALTER TABLE `INTR_WTMACH`
  ADD CONSTRAINT `FK_INTR_HASHTAG_TO_INTR_WTMACH` FOREIGN KEY (`HTNO`) REFERENCES `INTR_HASHTAG` (`HTNO`),
  ADD CONSTRAINT `FK_INTR_WORKS_TO_INTR_WTMACH` FOREIGN KEY (`WNO`) REFERENCES `INTR_WORKS` (`WNO`);
COMMIT;

/*!40101 SET CHARACTER_SET_CLIENT=@OLD_CHARACTER_SET_CLIENT */;
/*!40101 SET CHARACTER_SET_RESULTS=@OLD_CHARACTER_SET_RESULTS */;
/*!40101 SET COLLATION_CONNECTION=@OLD_COLLATION_CONNECTION */;
